<?xml version="1.0" encoding="UTF-8"?>
<Export generator="Cache" version="9" zv="Cache for Windows NT (Intel) 5.0.12 (Build 5504U)" ts="2004-12-27 19:47:46">
<Routine name="StreamTest" type="MAC" languagemode="0" timestamp="59896,70241"><![CDATA[
Go() [SQLCODE,GetImg,GetNote] PUBLIC{
	// Test.Personテーブルを全件検索します
	&sql(Declare ExpImage CURSOR FOR
		select Note,Img Into :GetNote,:GetImg From Test.Person)

	&sql(OPEN ExpImage)	

	FOR {
		&sql(FETCH ExpImage)
		quit:SQLCODE'=0
		write GetNote," ★★ ",GetImg,!   // このままではストリームデータを取得できません。
		write ##class(%SerialStream).%Open(GetNote)," ★★ "
		write ##class(%SerialStream).%Open(GetImg),!
		write "=====",!
	}
	&sql(CLOSE ExpImage)	
}

]]></Routine>
<Class name="Test.Person">
<ClassType>persistent</ClassType>
<ProcedureBlock>1</ProcedureBlock>
<Super>%Persistent</Super>
<TimeChanged>59896,67291.697848</TimeChanged>
<TimeCreated>59896,63520.193327</TimeCreated>
<ClassDefinitionError>0</ClassDefinitionError>

<Property name="Img">
<Type>%Stream</Type>
<Collection>binarystream</Collection>
</Property>

<Property name="Name">
<Type>%String</Type>
</Property>

<Property name="Note">
<Type>%Stream</Type>
<Collection>characterstream</Collection>
</Property>

<Query name="ByName">
<Type>%SQLQuery</Type>
<FormalSpec>iName:%String</FormalSpec>
<SqlQuery>SELECT %ID,Name,Note,Img FROM Person
 WHERE (Name %STARTSWITH :iName)
 ORDER BY Name</SqlQuery>
<Parameter name="CONTAINID" value="1"/>
</Query>

<Storage name="Default">
<Type>%Library.CacheStorage</Type>
<DataLocation>^Test.PersonD</DataLocation>
<DefaultData>PersonDefaultData</DefaultData>
<IdLocation>^Test.PersonD</IdLocation>
<IndexLocation>^Test.PersonI</IndexLocation>
<StreamLocation>^Test.PersonS</StreamLocation>
<Data name="PersonDefaultData">
<Structure>listnode</Structure>
<Subscript/>
<Value name="1">
<Value>%%CLASSNAME</Value>
</Value>
<Value name="2">
<Value>Name</Value>
</Value>
<Value name="3">
<Value>Note</Value>
</Value>
<Value name="4">
<Value>Img</Value>
</Value>
</Data>
</Storage>
</Class>
<CSP name="StreamSample.csp" application="/csp/user/" default="1">
<![CDATA[<HTML>
<HEAD>

<!-- Put your page Title here -->
<TITLE>	CSPを使ったストリームデータ検索確認画面 </TITLE>

</HEAD>

<BODY>
<script language=Cache runat=server>
	set %session.Data("input")=%request.Get("input")
</script>

<form name="form" action="StreamSample.csp" method=POST>
<input type="text" name="input" value=#(%session.Get("input"))#>
<br>
<input type="submit" name="sub1" value="この文字から名前の始まるPersonをで検索！">
<p>
<csp:query name="rset" classname="Test.Person" queryname="ByName" P1=#(%session.Get("input"))#>

<table border=1>

	<tr>
		<td>ID</td><td>Name</td><td>Note</td><td>Note-Size</td><td>Image</td>
	</tr>
	
<csp:while condition="rset.Next()"> 
	<tr>
		<td>#(rset.Data("ID"))#</td>
		<td>#(rset.Data("Name"))#</td>
	
	<script language=Cache runat=server>
		set note=rset.Data("Note")
		// キャラクタストリームデータのOIDを取得
		set CharacterStream=##class(%Library.SerialStream).%Open(note)

   		//バイナリストリームデータのIDを取得
		set img=##class(%Library.SerialStream).%Open(rset.Data("Img")) 
	</script>
	
		<td>#(CharacterStream.Read(CharacterStream.Size))#</td>
		<td>#(CharacterStream.Size)#</td>

		<td> <csp:if condition=(img'="")>
			<csp:comment>
				CSPでCacheに格納されている画像データを表示するときの方法です。
				%CSP.StreamServerクラスを利用して画像を出力します。詳細はクラスリファレンスをご参照下さい。
			</csp:comment>
		<img height=300 width=300 
			src='%25CSP.StreamServer.cls?STREAMOID=#(..EscapeURL(..Encrypt(img.GetStreamId())))#'></img>
		<csp:else>
		画像なし
		</csp:if></td>
	</tr>
</csp:while>

</table>
</form>
</BODY>
</HTML>
]]></CSP>
<Checksum value="155414534"/>
</Export>
