<?xml version="1.0" encoding="UTF-8"?>
<Export generator="Cache" version="25" zv="Cache for Windows (x86-64) 2014.1.1 (Build 702U)" ts="2014-08-13 14:31:03">
<CSP name="SessionTimeoutTest.csp" application="/csp/user/" default="1"><![CDATA[
<html>
<head>
<script language="JavaScript">
function cspRunServerMethodError() { 
    alert('タイムアウトしました'); 
	return;
} 
</script>
<script language="Cache" method="test">
 &js<alert('タイムアウト前ならこのメッセージが表示されます');>
 quit
</script>
</head>
<body>
<script language="cache" runat="server">
// タイムアウトを10秒に変更（ページ内での変更方法）
set %session.AppTimeout=10
</script>
<input type="button" value="テスト用ボタン" onclick="#server(..test())#">
</body>
</html>]]></CSP>
</Export>
