<?xml version="1.0" encoding="UTF-8"?>
<Export generator="Cache" version="25" zv="Cache for Windows (x86-64) 2018.1.1 (Build 312U)" ts="2019-03-28 10:34:51">
<Class name="User.MyREST">
<Super>%CSP.REST</Super>
<TimeChanged>65100,38055.304774</TimeChanged>
<TimeCreated>64735,62510.683482</TimeCreated>

<Parameter name="CONVERTINPUTSTREAM">
<Default>1</Default>
</Parameter>

<Parameter name="HandleCorsRequest">
<Default>1</Default>
</Parameter>

<XData name="UrlMap">
<Description><![CDATA[
Specifies the default content type for the page.  This can be overriden using the
&lt;CSP:CONTENT TYPE=&gt; tag, or by setting the <b>%response</b>.ContentType property
in the <method>OnPreHTTP</method> method.  The default value if this parameter is
not set is text/html.]]></Description>
<Data><![CDATA[
<Routes>
	<Route Url="/uploadimg" Method="POST" Call="readMimeData" />
  </Routes>
]]></Data>
</XData>

<Method name="readMimeData">
<ClassMethod>1</ClassMethod>
<ReturnType>%Status</ReturnType>
<Implementation><![CDATA[
    set upload=$g(%request.MimeData("imgfile", 1))
    set fname=%request.MimeData("imgfile",1).FileName
    set file=##class(%File).%New("c:\temp\"_fname)
    do file.Open("NWUK\BIN\")    
    do file.CopyFrom(upload)
    set st = file.%Save()
    if st {
	    write fname_" アップロード完了!!"
	} else {
		write fname_" アップロード失敗"
    }
    do file.Close()
        
	quit $$$OK
]]></Implementation>
</Method>
</Class>
</Export>
