<?xml version="1.0" encoding="UTF-8"?>
<Export generator="Cache" version="25" zv="Cache for Windows (x86-64) 2018.1.3 (Build 414U)" ts="2020-04-19 09:33:00">
<Class name="ISJ.QL2">
<Super>%Persistent,%Populate</Super>
<TimeChanged>65488,34284.023454</TimeChanged>
<TimeCreated>60030,39595.372673</TimeCreated>

<Property name="Name">
<Type>%String</Type>
</Property>

<Property name="Title">
<Type>%String</Type>
</Property>

<Property name="Sex">
<Type>%String</Type>
</Property>

<Property name="Company">
<Type>%String</Type>
</Property>

<Property name="Phone">
<Type>%String</Type>
</Property>

<Property name="City">
<Type>%String</Type>
</Property>

<Property name="State">
<Type>%String</Type>
</Property>

<Property name="Zip">
<Type>%String</Type>
</Property>

<Index name="NameIndex">
<Properties>Name</Properties>
</Index>

<Index name="CompanyIndex">
<Properties>Company</Properties>
</Index>

<Index name="PhoneIndex">
<Properties>Phone</Properties>
</Index>

<Method name="OnPopulate">
<ReturnType>%Status</ReturnType>
<Implementation><![CDATA[
	Set id=$R($Get(^Yubin.ZenkokuD)+1)
	If id = 0 Set id = 1
	Set yubindata=^Yubin.ZenkokuD(id)
	Set ..Zip=$List(yubindata,4)
	Set ..State=$List(yubindata,8)
	Set ..City=$List(yubindata,9)
	QUIT $$$OK
]]></Implementation>
</Method>

<Method name="ImportFromFile">
<ClassMethod>1</ClassMethod>
<FormalSpec>pFile:%String</FormalSpec>
<Implementation><![CDATA[
	#dim Err As %Exception.AbstractException
	//埋め込みSQLを使用してインポート
	Try {
		if $get(pFile)="" {
			write "インポートファイルを指定してください",!
			quit
		}
		if ##class(%File).Exists(pFile)=0 {
			write "指定したファイルは存在しません。ファイル名、パスを確認してください",!
			quit
		}
		 set filestream=##class(%Stream.FileCharacter).%New()
		 do filestream.LinkToFile(pFile)
		 set tDelim=";"
		 while filestream.AtEnd=0 {
			 //改行があるところまでRead
			 set tLine=filestream.ReadLine()
			 Set pCity = $Piece(tLine,tDelim,1) //City
		     Set pCompany = $Piece(tLine,tDelim,2) //Company
		     Set pName = $Piece(tLine,tDelim,3) //Name
		     Set pPhone = $Piece(tLine,tDelim,4) //Phone
		     Set pSex = $Piece(tLine,tDelim,5) //Sex
		     Set pState = $Piece(tLine,tDelim,6) //State
		     Set pTitle = $Piece(tLine,tDelim,7) //Title
		     Set pZip = $Piece(tLine,tDelim,8) //Zip
		     &sql(INSERT %NOINDEX INTO ql2 (Name, Title, Sex, Company, Phone, City, State, Zip) values (:pName, :pTitle, :pSex, :pCompany, :pCity, :pCity, :pState, :pZip))
		     // SQL文でエラーがある場合の処理
		     if SQLCODE<0 {
		     	throw ##class(%Exception.SQL).CreateFromSQLCODE(SQLCODE,%msg)
		     }
		}
		// 最後にテーブルのインデックス再構築を実行
		set st=..%BuildIndices()
		$$$THROWONERROR(Err,st)  // エラーが発生した場合Catchへ移動
	}
	Catch Err {
		write "エラーが発生しました",!
		write Err.DisplayString(),!
 	}
]]></Implementation>
</Method>

<Storage name="Default">
<Type>%Library.CacheStorage</Type>
<DataLocation>^ISJ.QL2D</DataLocation>
<DefaultData>QL2DefaultData</DefaultData>
<IdLocation>^ISJ.QL2D</IdLocation>
<IndexLocation>^ISJ.QL2I</IndexLocation>
<StreamLocation>^ISJ.QL2S</StreamLocation>
<Data name="QL2DefaultData">
<Value name="1">
<Value>%%CLASSNAME</Value>
</Value>
<Value name="2">
<Value>Name</Value>
</Value>
<Value name="3">
<Value>Title</Value>
</Value>
<Value name="4">
<Value>Sex</Value>
</Value>
<Value name="5">
<Value>Company</Value>
</Value>
<Value name="6">
<Value>Phone</Value>
</Value>
<Value name="7">
<Value>City</Value>
</Value>
<Value name="8">
<Value>State</Value>
</Value>
<Value name="9">
<Value>Zip</Value>
</Value>
</Data>
</Storage>
</Class>
</Export>
