<?xml version="1.0" encoding="UTF-8"?>
<Export generator="Cache" version="25" zv="Cache for Windows (x86-64) 2014.1 (Build 601U)" ts="2014-03-03 16:02:07">
<Class name="User.QL2">
<ClassType>persistent</ClassType>
<ProcedureBlock>1</ProcedureBlock>
<Super>%Persistent,%Populate</Super>
<TimeChanged>63249,57689.455222</TimeChanged>
<TimeCreated>60030,39595.372673</TimeCreated>
<Inheritance>right</Inheritance>

<Property name="Name">
<Type>%String</Type>
<Parameter name="POPSPEC" value="##Class(Sample.PopulateUtils).Name()"/>
<Parameter name="TRUNCATE" value="1"/>
</Property>

<Property name="Title">
<Type>%String</Type>
<Parameter name="POPSPEC" value="##Class(Sample.PopulateUtils).Title()"/>
<Parameter name="TRUNCATE" value="1"/>
</Property>

<Property name="Sex">
<Type>%String</Type>
<Parameter name="POPSPEC" value="##Class(Sample.PopulateUtils).Sex()"/>
<Parameter name="TRUNCATE" value="1"/>
</Property>

<Property name="Company">
<Type>%String</Type>
<Parameter name="POPSPEC" value="##Class(Sample.PopulateUtils).Company()"/>
<Parameter name="TRUNCATE" value="1"/>
</Property>

<Property name="Phone">
<Type>%String</Type>
<Parameter name="POPSPEC" value="##Class(Sample.PopulateUtils).JPNPhone()"/>
<Parameter name="TRUNCATE" value="1"/>
</Property>

<Property name="City">
<Type>%String</Type>
<Parameter name="TRUNCATE" value="1"/>
</Property>

<Property name="State">
<Type>%String</Type>
<Parameter name="TRUNCATE" value="1"/>
</Property>

<Property name="Zip">
<Type>%String</Type>
<Parameter name="TRUNCATE" value="1"/>
</Property>

<Index name="NameIndex">
<Properties>Name</Properties>
</Index>

<Index name="CompanyIndex">
<Properties>Company</Properties>
</Index>

<Index name="PhoneIndex">
<Properties>Phone</Properties>
</Index>

<Method name="OnPopulate">
<ReturnType>%Status</ReturnType>
<Implementation><![CDATA[
	Set id=$R($Get(^Yubin.ZenkokuD)+1)
	If id = 0 Set id = 1
	Set yubindata=^Yubin.ZenkokuD(id)
	Set ..Zip=$List(yubindata,4)
	Set ..State=$List(yubindata,8)
	Set ..City=$List(yubindata,9)
	QUIT $$$OK
]]></Implementation>
</Method>

<Method name="ImportFromFile">
<ClassMethod>1</ClassMethod>
<FormalSpec>pFile:%String</FormalSpec>
<Implementation><![CDATA[
	 //埋め込みSQLを使用してインポート
 Try {	
   Set pFile=$g(pFile) If $Length(pFile) Open pFile:"R" Use pFile
   Set tDelim = ";"
   For {
	     Read tLine
	     Set pCity = $Piece(tLine,tDelim,1) ;City
	     Set pCompany = $Piece(tLine,tDelim,2) ;Company
	     Set pName = $Piece(tLine,tDelim,3) ;Name
	     Set pPhone = $Piece(tLine,tDelim,4) ;Phone
	     Set pSex = $Piece(tLine,tDelim,5) ;Sex
	     Set pState = $Piece(tLine,tDelim,6) ;State
	     Set pTitle = $Piece(tLine,tDelim,7) ;Title
	     Set pZip = $Piece(tLine,tDelim,8) ;Zip
	     &sql(INSERT %NOINDEX INTO ql2 (Name, Title, Sex, Company, Phone, City, State, Zip) values (:pName, :pTitle, :pSex, :pCompany, :pCity, :pCity, :pState, :pZip))
   }
 }
 Catch Err {
   If $Length(pFile) Close pFile
   If Err.Name="<ENDOFFILE>" {
	   Do ..%BuildIndices()
   }
   Else {
	   Write "予期せぬエラーが発生しました。",Err.Name,!
   }
 }
]]></Implementation>
</Method>

<Storage name="Default">
<Type>%Library.CacheStorage</Type>
<DataLocation>^User.QL2D</DataLocation>
<DefaultData>QL2DefaultData</DefaultData>
<IdLocation>^User.QL2D</IdLocation>
<IndexLocation>^User.QL2I</IndexLocation>
<StreamLocation>^User.QL2S</StreamLocation>
<ExtentSize>100000</ExtentSize>
<Data name="QL2DefaultData">
<Value name="1">
<Value>%%CLASSNAME</Value>
</Value>
<Value name="2">
<Value>Name</Value>
</Value>
<Value name="3">
<Value>Title</Value>
</Value>
<Value name="4">
<Value>Sex</Value>
</Value>
<Value name="5">
<Value>Company</Value>
</Value>
<Value name="6">
<Value>Phone</Value>
</Value>
<Value name="7">
<Value>City</Value>
</Value>
<Value name="8">
<Value>State</Value>
</Value>
<Value name="9">
<Value>Zip</Value>
</Value>
</Data>
</Storage>
</Class>
</Export>
