<?xml version="1.0" encoding="UTF-8"?>
<Export generator="Cache" version="25" zv="Cache for Windows (x86-64) 2018.1.3 (Build 414U)" ts="2020-04-18 22:28:37">
<Class name="ISJ.Class1">
<Super>%Persistent,%Populate,%XML.Adaptor</Super>
<TimeChanged>65487,80820.711116</TimeChanged>
<TimeCreated>65487,80820.468862</TimeCreated>

<Property name="a">
<Type>%String</Type>
</Property>

<Property name="b">
<Type>%String</Type>
</Property>

<Method name="Import">
<Description>
引数：入力するXMLファイルのフルパス</Description>
<ClassMethod>1</ClassMethod>
<FormalSpec>filename:%String</FormalSpec>
<Implementation><![CDATA[
	if $get(filename)="" {
		write "入力ファイルを引数に指定してください",!
		quit
	}
	
	// クラス名指定（..%ClassName()でクラスメソッドの存在するクラス名を返します）
	set class=..%ClassName(1)
	
	// XMLタグ指定
	set tag="test"

	set reader = ##class(%XML.Reader).%New()
	set sc=reader.OpenFile(filename)
	
	If $$$ISERR(sc) {
		write $system.Status.GetErrorText(sc),!
		Quit
	}
	
	// クラスとの関連付け
	do reader.Correlate(tag,class)

	while reader.Next(.x,.sc) {
	    set sc=x.%Save()
		If $$$ISERR(sc) {
			write $system.Status.GetErrorText(sc),!
			Quit
		}
	}
	quit
]]></Implementation>
</Method>

<Storage name="Default">
<Type>%Library.CacheStorage</Type>
<DataLocation>^ISJ.Class1D</DataLocation>
<DefaultData>Class1DefaultData</DefaultData>
<IdLocation>^ISJ.Class1D</IdLocation>
<IndexLocation>^ISJ.Class1I</IndexLocation>
<StreamLocation>^ISJ.Class1S</StreamLocation>
<Data name="Class1DefaultData">
<Structure>listnode</Structure>
<Subscript/>
<Value name="1">
<Value>%%CLASSNAME</Value>
</Value>
<Value name="2">
<Value>a</Value>
</Value>
<Value name="3">
<Value>b</Value>
</Value>
</Data>
</Storage>
</Class>
</Export>
