<?xml version="1.0" encoding="UTF-8"?>
<top><test>
  <a>V8482</a>
  <b>P4187</b>
</test>
<test>
  <a>O8634</a>
  <b>H7321</b>
</test>
<test>
  <a>J5426</a>
  <b>V2218</b>
</test>
<test>
  <a>J7155</a>
  <b>M6804</b>
</test>
<test>
  <a>R7066</a>
  <b>W939</b>
</test>
<test>
  <a>B9731</a>
  <b>I406</b>
</test>
<test>
  <a>I1095</a>
  <b>Z5125</b>
</test>
<test>
  <a>Q1573</a>
  <b>Z9241</b>
</test>
<test>
  <a>T7560</a>
  <b>V5693</b>
</test>
<test>
  <a>J1033</a>
  <b>J9616</b>
</test>
</top>
