<?xml version="1.0" encoding="UTF-8"?>
<Export generator="Cache" version="25" zv="Cache for Windows (x86-64) 2015.2.2 (Build 805U)" ts="2016-03-25 17:35:51">
<Project name="EnsExportProduction_2016-03-25 17-32-01_585+9" LastModified="2016-03-25 17:35:51.093406">
  <ProjectDescription>Studio Project generated from Ensemble Production 'Start.Production' at 2016-03-25 08:32:01.585 UTC</ProjectDescription>
  <Items>
    <ProjectItem name="Start.FileBS" type="CLS"></ProjectItem>
    <ProjectItem name="Start.GetKionOperation" type="CLS"></ProjectItem>
    <ProjectItem name="Start.InsertOperation" type="CLS"></ProjectItem>
    <ProjectItem name="Start.InsertRequest" type="CLS"></ProjectItem>
    <ProjectItem name="Start.NonAdapterBS" type="CLS"></ProjectItem>
    <ProjectItem name="Start.Production" type="CLS"></ProjectItem>
    <ProjectItem name="Start.REST" type="CLS"></ProjectItem>
    <ProjectItem name="Start.Request" type="CLS"></ProjectItem>
    <ProjectItem name="Start.Response" type="CLS"></ProjectItem>
    <ProjectItem name="Start.SQLInsertOperation" type="CLS"></ProjectItem>
    <ProjectItem name="Start.Utils" type="CLS"></ProjectItem>
    <ProjectItem name="Start.WS.WebServiceBS" type="CLS"></ProjectItem>
    <ProjectItem name="Start.WeatherCheckProcess" type="CLS"></ProjectItem>
    <ProjectItem name="Start.WeatherHistory" type="CLS"></ProjectItem>
    <ProjectItem name="EnsExportNotes.EnsExportProduction_2016-03-25 17-32-01_585+9.PTD" type="PTD"></ProjectItem>
  </Items>
</Project>


<Class name="Start.FileBS">
<Super>Ens.BusinessService</Super>
<TimeChanged>63922,58677.991718</TimeChanged>
<TimeCreated>63922,58253.153835</TimeCreated>

<Parameter name="ADAPTER">
<Default>EnsLib.File.InboundAdapter</Default>
</Parameter>

<Method name="OnProcessInput">
<Description><![CDATA[
ファイルインバウンドアダプタの例<br> 
入力ファイルには、1行1リクエストで　購入商品名,エリアコード　を記入する<br> 
 例）<br> 
 雪見だいふく,240010　<br>
 ちくわ,230020 <br>
　野沢菜,20001 <br>
]]></Description>
<FormalSpec>pInput:%Stream.Object,*pOutput:%RegisteredObject</FormalSpec>
<ReturnType>%Status</ReturnType>
<Implementation><![CDATA[
	set st=$$$OK
	#dim ex As %Exception.AbstractException
	try {
		// AtEndプロパティがに1が設定されない限りループしながら1行ずつ実行する
		while '(pInput.AtEnd) {
			set record=pInput.ReadLine()
			set request=##class(Start.Request).%New()
			set request.Product=$piece(record,",",1)
			set request.Area=$piece(record,",",2)		
			set st=..SendRequestAsync("Start.WeatherCheckProcess",request)
			$$$THROWONERROR(ex,st)
		}
	}
	catch ex {
		set st=ex.AsStatus()
	}
	Quit st
]]></Implementation>
</Method>
</Class>


<Class name="Start.GetKionOperation">
<Super>EnsLib.REST.Operation</Super>
<TimeChanged>63922,62768.997422</TimeChanged>
<TimeCreated>63914,55334.258466</TimeCreated>

<Parameter name="ADAPTER">
<Default>EnsLib.HTTP.OutboundAdapter</Default>
</Parameter>

<Property name="Adapter">
<Type>EnsLib.HTTP.OutboundAdapter</Type>
</Property>

<Parameter name="INVOCATION">
<Default>Queue</Default>
</Parameter>

<Method name="GetKion">
<FormalSpec>pRequest:Start.Request,*pResponse:Start.Response</FormalSpec>
<ReturnType>%Status</ReturnType>
<Implementation><![CDATA[
	#dim ex As %Exception.AbstractException
	#dim tHttpResponse As %Net.HttpResponse
	set st=$$$OK
	try {
		set URL=..Adapter.URL_"?city="_pRequest.Area
		set st=..Adapter.GetURL(URL,.tHttpResponse)
     
      // アダプタからエラーが返り、%Net.HttpResponseのオブジェクトが存在し
      // %Net.HttpResponseのDataプロパティがオブジェクトの場合はStreamであり、その場合にSizeが0でないときに
      // 全エラーメッセージを文字列に変換し、ステータスエラーを作成する。
      If $$$ISERR(st)&&$IsObject(tHttpResponse)&&$IsObject(tHttpResponse.Data)&&tHttpResponse.Data.Size {
	      // http://weather.livedoor.com/weather_hacks/webservice　の応答のCharsetがEUC-JPなのでエラー情報をEUCに変換しないと見えないため変換
         Set st=$$$ERROR($$$EnsErrGeneral,$$$StatusDisplayString(st)_":"_$Zcvt(tHttpResponse.Data.Read(),"I","EUC"))
      }
		$$$THROWONERROR(ex,st)
		If $IsObject(tHttpResponse) {
			set pResponse=##class(Start.Response).%New()
			set tSC = ..JSONStreamToObject(tHttpResponse.Data, .tProxy)
			zw tProxy
			
			// 本日／明日／明後日　のデータがListの1～3に入っている　以下は本日の最高気温
			// JSON詳細は　http://weather.livedoor.com/weather_hacks/webservice
			set pResponse.Kion=tProxy.forecasts.GetAt(1).temperature.max.celsius
			set pResponse.AreaDescription=tProxy.description.text
			set pResponse.AreaPublicTime=tProxy.description.publicTime
			set pResponse.Area=tProxy.location.area
			set pResponse.Pref=tProxy.location.prefecture
			set pResponse.City=tProxy.location.city
		}
	}
	catch ex {
		set st=ex.AsStatus()
	}

	Quit st
]]></Implementation>
</Method>

<XData name="MessageMap">
<Data><![CDATA[
<MapItems>
	<MapItem MessageType="Start.Request"> 
		<Method>GetKion</Method>
	</MapItem>
</MapItems>
]]></Data>
</XData>
</Class>


<Class name="Start.InsertOperation">
<Super>Ens.BusinessOperation</Super>
<TimeChanged>64002,61567.263229</TimeChanged>
<TimeCreated>63914,59826.407419</TimeCreated>

<Parameter name="INVOCATION">
<Default>Queue</Default>
</Parameter>

<Method name="Insert">
<FormalSpec>pRequest:Start.InsertRequest,*pResponse:Ens.Response</FormalSpec>
<ReturnType>%Status</ReturnType>
<Implementation><![CDATA[
	set st=$$$OK
	#dim ex As %Exception.AbstractException
	try {
		// /* objectで更新する場合 */
		/*
		set obj=##class(Start.WeatherHistory).%New()
		set obj.Product=pRequest.Product
		set obj.Area=pRequest.WeatherInfo.Area
		set obj.AreaDescription=pRequest.WeatherInfo.AreaDescription
		set obj.AreaPuclicTime=pRequest.WeatherInfo.AreaPublicTime
		set obj.Kion=pRequest.WeatherInfo.Kion
		set obj.City=pRequest.WeatherInfo.City
		set obj.Pref=pRequest.WeatherInfo.Pref
		
		$$$THROWONERROR(ex,obj.%Save())
		*/
		// /* SQLで更新する場合*/
		set cols(2)=pRequest.WeatherInfo.Area
		set cols(3)=pRequest.WeatherInfo.AreaDescription
		set cols(4)=pRequest.WeatherInfo.AreaPublicTime
		set cols(5)=pRequest.WeatherInfo.City
		set cols(7)=pRequest.WeatherInfo.Kion
		set cols(8)=pRequest.WeatherInfo.Pref
		set cols(9)=pRequest.Product
		&sql(insert into Start.WeatherHistory values :cols())
		if SQLCODE<0 {
			throw ##class(%Exception.SQL).CreateFromSQLCODE(SQLCODE,%msg)
		}
	}
	catch ex {
		set st=ex.AsStatus()
	}
	Quit st
]]></Implementation>
</Method>

<XData name="MessageMap">
<Data><![CDATA[
<MapItems>
	<MapItem MessageType="Start.InsertRequest"> 
		<Method>Insert</Method>
	</MapItem>
</MapItems>
]]></Data>
</XData>
</Class>


<Class name="Start.InsertRequest">
<Super>Ens.Request</Super>
<TimeChanged>63914,59640.499625</TimeChanged>
<TimeCreated>63914,59640.280971</TimeCreated>

<Property name="Product">
<Type>%String</Type>
</Property>

<Property name="WeatherInfo">
<Type>Start.Response</Type>
</Property>

<Storage name="Default">
<Type>%Library.CacheStorage</Type>
<DefaultData>InsertRequestDefaultData</DefaultData>
<Data name="InsertRequestDefaultData">
<Structure>listnode</Structure>
<Subscript>"InsertRequest"</Subscript>
<Value name="1">
<Value>Product</Value>
</Value>
<Value name="2">
<Value>WeatherInfo</Value>
</Value>
</Data>
</Storage>
</Class>


<Class name="Start.NonAdapterBS">
<Super>Ens.BusinessService</Super>
<TimeChanged>63923,37088.88935</TimeChanged>
<TimeCreated>63923,37088.88935</TimeCreated>

<Method name="OnProcessInput">
<FormalSpec>request:Start.Request,*pOutput:%RegisteredObject</FormalSpec>
<ReturnType>%Status</ReturnType>
<Implementation><![CDATA[
	set st=$$$OK
	#dim ex As %Exception.AbstractException
	try {
		set st=..SendRequestAsync("Start.WeatherCheckProcess",request)
		$$$THROWONERROR(ex,st)
	}
	catch ex {
		set st=ex.AsStatus()
	}
	Quit st
]]></Implementation>
</Method>
</Class>


<Class name="Start.Production">
<Super>Ens.Production</Super>
<TimeChanged>63923,37192.004507</TimeChanged>
<TimeCreated>63914,55399.453782</TimeCreated>

<XData name="ProductionDefinition">
<Data><![CDATA[
<Production Name="Start.Production" TestingEnabled="true" LogGeneralTraceEvents="false">
  <Description></Description>
  <ActorPoolSize>2</ActorPoolSize>
  <Item Name="Start.GetKionOperation" Category="" ClassName="Start.GetKionOperation" PoolSize="1" Enabled="true" Foreground="false" Comment="外部サイトへ気温確認を行うRESTを使ったBO" LogTraceEvents="false" Schedule="">
    <Setting Target="Adapter" Name="HTTPServer">weather.livedoor.com</Setting>
    <Setting Target="Adapter" Name="URL">/forecast/webservice/json/v1</Setting>
  </Item>
  <Item Name="Start.InsertOperation" Category="" ClassName="Start.InsertOperation" PoolSize="1" Enabled="true" Foreground="false" Comment="外部サイトから取得した情報をDBへ登録するBO（アダプタ無し）" LogTraceEvents="false" Schedule="">
  </Item>
  <Item Name="Start.WeatherCheckProcess" Category="" ClassName="Start.WeatherCheckProcess" PoolSize="0" Enabled="true" Foreground="false" Comment="" LogTraceEvents="false" Schedule="">
  </Item>
  <Item Name="Start.WS.WebServiceBS" Category="" ClassName="Start.WS.WebServiceBS" PoolSize="0" Enabled="true" Foreground="false" Comment="Webサービス（Webリクエスト）用BS" LogTraceEvents="false" Schedule="">
    <Setting Target="Adapter" Name="EnableStandardRequests">1</Setting>
  </Item>
  <Item Name="Start.FileBS" Category="" ClassName="Start.FileBS" PoolSize="1" Enabled="true" Foreground="false" Comment="" LogTraceEvents="false" Schedule="">
    <Setting Target="Adapter" Name="FilePath">C:\temp\in\</Setting>
    <Setting Target="Adapter" Name="FileSpec">check.txt</Setting>
  </Item>
  <Item Name="Start.SQLInsertOperation" Category="" ClassName="Start.SQLInsertOperation" PoolSize="1" Enabled="true" Foreground="false" Comment="外部サイトから取得した情報をDBへ登録するBO（アダプタ有）" LogTraceEvents="false" Schedule="">
    <Setting Target="Adapter" Name="DSN">EnsembleStart</Setting>
  </Item>
  <Item Name="Start.NonAdapterBS" Category="" ClassName="Start.NonAdapterBS" PoolSize="0" Enabled="true" Foreground="false" Comment="アダプタを使わないBS（REST／ストアドからの呼び出し用）" LogTraceEvents="false" Schedule="">
  </Item>
</Production>
]]></Data>
</XData>
</Class>


<Class name="Start.REST">
<Description>
RESTを使ってビジネスサービスを呼び出す例</Description>
<Super>%CSP.REST</Super>
<TimeChanged>63923,37134.893009</TimeChanged>
<TimeCreated>63922,57269.472219</TimeCreated>

<XData name="UrlMap">
<Description><![CDATA[

The UrlMap determines how a Url should map to a HTTP Method and a Target ClassMethod
indicated by the 'Call' attribute. The call attribute is either the name of a method
or the name of a class and method seperated by a ':'. Parameters within the URL preceded
by a ':' will be extracted from the supplied URL and passed as arguments to the named method.

In this Route Entry GET requests to /class/namespace/classname will call the GetClass method

<Route Url="/class/:namespace/:classname" Method="GET" Call="GetClass"/>

To influence CORS processing you can set the "Cors" attribute to "true", default is "false".
The "Cors" attribute is only considered if the PARAMETER 'HandleCorsRequest' is left unspecified.

<Route Url="/class/:namespace/:classname" Method="GET" Call="GetClass" Cors="true"/>

Use a Map Entry to forward ALL requests made to a particular URL prefix. For example. If your 
web application has a base url route of /api/v1 and you want to map all requests to 
/api/v1/docserver (including all sub-urls) enter a Map entry like this:

<Map Prefix="/docserver" Forward="%Api.v1.DocServer"/>

This will result in calls such as /api/v1/docserver/class/Samples/Sample.Person being redirected
to the class %API.v1.DocServer ( another subclass of %CSP.REST )for futher processing. ]]></Description>
<XMLNamespace>http://www.intersystems.com/urlmap</XMLNamespace>
<Data><![CDATA[
<Routes>
<!--
<Route Url="/class/:namespace/:classname" Method="GET" Call="GetClass" Cors="true"/>
<Map Prefix="/docserver" Forward="%Api.v1.DocServer"/>
-->
<Route Url="/weather/:product/:arecode" Method="GET" Call="WeatherCheck"/>

</Routes>
]]></Data>
</XData>

<Method name="WeatherCheck">
<ClassMethod>1</ClassMethod>
<FormalSpec>product:%String,areacode:%String</FormalSpec>
<ReturnType>%Status</ReturnType>
<Implementation><![CDATA[
	#dim ex As %Exception.AbstractException
	// 応答用に汎用的名オブジェクトを作成(2015.1まで)
	Set tProxy = ##class(%ZEN.proxyObject).%New()
	set st=$$$OK
	try {
		// ビジネスサービスのオブジェクト生成 ：第1引数はビジネスサービスのプロダクション登録名
		set st=##class(Ens.Director).CreateBusinessService("Start.NonAdapterBS",.BS)
		// 戻り値がエラーの場合はcatchへ移動
		$$$THROWONERROR(ex,st)
		
		set request=##class(Start.Request).%New()
		set request.Product=product
		set request.Area=areacode
		
		// ビジネスサービスに情報配信
		set st=BS.ProcessInput(request)
		// 戻り値がエラーの場合はcatchへ移動
		$$$THROWONERROR(ex,st)

		// 以下クライアントへ戻す情報
        #; Set the response header to JSON
        Set %response.ContentType="application/json"
        set tProxy.Message=$ZCVT("天気情報確認、依頼しました","O","UTF8")
		Do tProxy.%ToJSON()
	}
	catch ex {
		set st=ex.AsStatus()
	}
	quit $$$OK
]]></Implementation>
</Method>
</Class>


<Class name="Start.Request">
<Super>Ens.Request</Super>
<TimeChanged>63914,55505.081127</TimeChanged>
<TimeCreated>63914,54266.45764</TimeCreated>

<Property name="Product">
<Type>%String</Type>
</Property>

<Property name="Area">
<Type>%String</Type>
</Property>

<Storage name="Default">
<Type>%Library.CacheStorage</Type>
<DefaultData>RequestDefaultData</DefaultData>
<Data name="RequestDefaultData">
<Structure>listnode</Structure>
<Subscript>"Request"</Subscript>
<Value name="1">
<Value>Product</Value>
</Value>
<Value name="2">
<Value>Area</Value>
</Value>
</Data>
</Storage>
</Class>


<Class name="Start.Response">
<Super>Ens.Response</Super>
<TimeChanged>63922,62735.375721</TimeChanged>
<TimeCreated>63914,54662.959122</TimeCreated>

<Property name="Kion">
<Type>%Numeric</Type>
</Property>

<Property name="Area">
<Type>%String</Type>
</Property>

<Property name="Pref">
<Type>%String</Type>
</Property>

<Property name="City">
<Type>%String</Type>
</Property>

<Property name="AreaDescription">
<Type>%String</Type>
<Parameter name="MAXLEN" value="1000"/>
</Property>

<Property name="AreaPublicTime">
<Type>%String</Type>
</Property>

<Storage name="Default">
<Type>%Library.CacheStorage</Type>
<DefaultData>ResponseDefaultData</DefaultData>
<Data name="ResponseDefaultData">
<Subscript>"Response"</Subscript>
<Value name="1">
<Value>Kion</Value>
</Value>
<Value name="2">
<Value>Area</Value>
</Value>
<Value name="3">
<Value>Pref</Value>
</Value>
<Value name="4">
<Value>City</Value>
</Value>
<Value name="5">
<Value>AreaDescription</Value>
</Value>
<Value name="6">
<Value>AreaPuclicTime</Value>
</Value>
<Value name="7">
<Value>AreaPublicTime</Value>
</Value>
</Data>
</Storage>
</Class>


<Class name="Start.SQLInsertOperation">
<Super>Ens.BusinessOperation</Super>
<TimeChanged>63922,62741.875982</TimeChanged>
<TimeCreated>63922,62281.278491</TimeCreated>

<Parameter name="ADAPTER">
<Default>EnsLib.SQL.OutboundAdapter</Default>
</Parameter>

<Property name="Adapter">
<Type>EnsLib.SQL.OutboundAdapter</Type>
</Property>

<Parameter name="INVOCATION">
<Default>Queue</Default>
</Parameter>

<Method name="Insert">
<FormalSpec>pRequest:Start.InsertRequest,*pResponse:Ens.Response</FormalSpec>
<ReturnType>%Status</ReturnType>
<Implementation><![CDATA[
	set st=$$$OK
	#dim ex As %Exception.AbstractException
	try {
		set sql="insert into Start.WeatherHistory (Area,AreaDescription,AreaPublicTime,City,Kion,Pref,Product) values(?,?,?,?,?,?,?)"
		set st=..Adapter.ExecuteUpdate(.rows,sql,pRequest.WeatherInfo.Area,pRequest.WeatherInfo.AreaDescription,pRequest.WeatherInfo.AreaPublicTime,
												pRequest.WeatherInfo.City,pRequest.WeatherInfo.Kion,pRequest.WeatherInfo.Pref,pRequest.Product)
		$$$THROWONERROR(ex,st)
	}
	catch ex {
		set st=ex.AsStatus()
	}
	quit st
]]></Implementation>
</Method>

<XData name="MessageMap">
<Data><![CDATA[
<MapItems>
	<MapItem MessageType="Start.InsertRequest"> 
		<Method>Insert</Method>
	</MapItem>
</MapItems>
]]></Data>
</XData>
</Class>


<Class name="Start.Utils">
<TimeChanged>63923,37114.630533</TimeChanged>
<TimeCreated>63910,36507.720762</TimeCreated>

<Method name="CallEnsemble">
<Description>
ストアドプロシージャ／クラスメソッドからアダプタ無しのBSを呼ぶ例</Description>
<ClassMethod>1</ClassMethod>
<FormalSpec>product:%String,areacode:%String</FormalSpec>
<ReturnType>%Status</ReturnType>
<SqlProc>1</SqlProc>
<Implementation><![CDATA[
	#dim %sqlcontext As %Library.ProcedureContext
	#dim ex As %Exception.AbstractException
	set st=$$$OK
	try {
		// ビジネスサービスのオブジェクト生成 ：第1引数はビジネスサービスのプロダクション登録名
		set st=##class(Ens.Director).CreateBusinessService("Start.NonAdapterBS",.BS)
		// 戻り値がエラーの場合はcatchへ移動
		$$$THROWONERROR(ex,st)
		
		set request=##class(Start.Request).%New()
		set request.Product=product
		set request.Area=areacode
		
		// ビジネスサービスに情報配信
		set st=BS.ProcessInput(request)
		// 戻り値がエラーの場合はcatchへ移動
		$$$THROWONERROR(ex,st)
	}
	catch ex {
		// ストアドプロシージャ呼び出し元へ返す情報の設定
		set %sqlcontext.%SQLCODE=ex.AsSQLCODE()
		set %sqlcontext.%Message=ex.AsSQLMessage()
		set st=ex.AsStatus()
	}
	quit st
]]></Implementation>
</Method>
</Class>


<Class name="Start.WS.WebServiceBS">
<Description>
Start.WS.WebServiceBS</Description>
<ProcedureBlock>1</ProcedureBlock>
<Super>EnsLib.SOAP.Service</Super>
<TimeChanged>63991,62380.307416</TimeChanged>
<TimeCreated>63922,52036.416127</TimeCreated>

<Parameter name="SERVICENAME">
<Description>
ウェブサービスの名前.</Description>
<Default>WebServiceBS</Default>
</Parameter>

<Parameter name="NAMESPACE">
<Description>
TODO: これを実際のSOAPネームスペースに変更します。
ウェブサービス用のSOAPネームスペース</Description>
<Default>http://tempuri.org</Default>
</Parameter>

<Parameter name="USECLASSNAMESPACES">
<Description>
参照されているクラスのネームスペースは WSDL に使用されます。</Description>
<Default>1</Default>
</Parameter>

<Method name="CallEnsemble">
<Description>
TODO: 引数および実装を追加します。
CallEnsemble
　第1引数：購入商品名／第2引数：エリアコード（デフォルトで長野県長野市のエリアコードを指定してます）</Description>
<FormalSpec>product:%String,AreCode:%Numeric=200010</FormalSpec>
<ReturnType>%Status</ReturnType>
<WebMethod>1</WebMethod>
<Implementation><![CDATA[
	#dim ex As %Exception.AbstractException
	set st=$$$OK
	try {
		set request=##class(Start.Request).%New()
		set request.Area=AreCode
		set request.Product=product
		set st=..SendRequestAsync("Start.WeatherCheckProcess",request)
		$$$THROWONERROR(ex,st)
	}
	catch ex {
		set st=ex.AsStatus()
		do ..ReturnMethodStatusFault(st)
	}
	Quit st
]]></Implementation>
</Method>
</Class>


<Class name="Start.WeatherCheckProcess">
<Description>
</Description>
<Super>Ens.BusinessProcessBPL</Super>
<TimeChanged>63922,63098.720381</TimeChanged>
<TimeCreated>63914,59961.360158</TimeCreated>

<XData name="BPL">
<Description>
BPL Definition</Description>
<XMLNamespace>http://www.intersystems.com/bpl</XMLNamespace>
<Data><![CDATA[
<process language='objectscript' request='Start.Request' response='Ens.Response' height='2000' width='2000' >
<context>
<property name='WeatherInfo' type='Start.Response' instantiate='0' >
</property>
</context>
<sequence xend='200' yend='450' >
<call name='気象情報取得' target='Start.GetKionOperation' async='0' xpos='200' ypos='250' >
<request type='Start.Request' >
<assign property="callrequest.Area" value="request.Area" action="set" />
</request>
<response type='Start.Response' >
<assign property="context.WeatherInfo" value="callresponse" action="set" />
</response>
</call>
<call name='気象情報DB登録' target='Start.InsertOperation' async='0' xpos='200' ypos='350' >
<request type='Start.InsertRequest' >
<assign property="callrequest.WeatherInfo" value="context.WeatherInfo" action="set" />
<assign property="callrequest.Product" value="request.Product" action="set" />
</request>
<response type='Ens.Response' />
</call>
</sequence>
</process>
]]></Data>
</XData>

<Storage name="Default">
<Type>%Library.CacheStorage</Type>
</Storage>
</Class>


<Class name="Start.WeatherHistory">
<Super>%Persistent</Super>
<TimeChanged>63991,63019.474807</TimeChanged>
<TimeCreated>63914,59507.903958</TimeCreated>

<Property name="Kion">
<Type>%Numeric</Type>
</Property>

<Property name="Area">
<Type>%String</Type>
</Property>

<Property name="Pref">
<Type>%String</Type>
</Property>

<Property name="City">
<Type>%String</Type>
</Property>

<Property name="AreaDescription">
<Type>%String</Type>
<Parameter name="MAXLEN" value="1000"/>
</Property>

<Property name="AreaPublicTime">
<Type>%String</Type>
</Property>

<Property name="Product">
<Type>%String</Type>
</Property>

<Property name="CreateTimeStamp">
<Type>%TimeStamp</Type>
<SqlComputeCode> set {*}=$ZDATETIME($system.Util.UTCtoLocalWithZTIMEZONE($ZTIMESTAMP),3)</SqlComputeCode>
<SqlComputed>1</SqlComputed>
<SqlComputeOnChange>%%INSERT</SqlComputeOnChange>
</Property>

<Storage name="Default">
<Type>%Library.CacheStorage</Type>
<DataLocation>^Start.WeatherHistoryD</DataLocation>
<DefaultData>WeatherHistoryDefaultData</DefaultData>
<IdLocation>^Start.WeatherHistoryD</IdLocation>
<IndexLocation>^Start.WeatherHistoryI</IndexLocation>
<StreamLocation>^Start.WeatherHistoryS</StreamLocation>
<Data name="WeatherHistoryDefaultData">
<Value name="1">
<Value>%%CLASSNAME</Value>
</Value>
<Value name="2">
<Value>Kion</Value>
</Value>
<Value name="3">
<Value>Area</Value>
</Value>
<Value name="4">
<Value>Pref</Value>
</Value>
<Value name="5">
<Value>City</Value>
</Value>
<Value name="6">
<Value>AreaDescription</Value>
</Value>
<Value name="7">
<Value>AreaPublicTime</Value>
</Value>
<Value name="8">
<Value>Product</Value>
</Value>
<Value name="9">
<Value>CreateTimeStamp</Value>
</Value>
</Data>
</Storage>
</Class>


<Document name="EnsExportNotes.EnsExportProduction_2016-03-25 17-32-01_585+9.PTD"><ProjectTextDocument name="EnsExportNotes.EnsExportProduction_2016-03-25 17-32-01_585+9" description="Export Notes for export EnsExportProduction_2016-03-25 17-32-01_585+9">
<![CDATA[<Deployment>
<Creation>
<Machine>IIJIMA-LETSNOTE</Machine>
<Instance>ENSEMBLENEW</Instance>
<Namespace>ENSEMBLE</Namespace>
<SourceProduction>Start.Production</SourceProduction>
<Username>UnknownUser</Username>
<UTC>2016-03-25 08:35:51.093</UTC>
</Creation>
<Notes>
</Notes>
<Contents>
<ExportProject>EnsExportProduction_2016-03-25 17-32-01_585+9</ExportProject>
<Item num="1">Start.FileBS.CLS</Item>
<Item num="2">Start.GetKionOperation.CLS</Item>
<Item num="3">Start.InsertOperation.CLS</Item>
<Item num="4">Start.InsertRequest.CLS</Item>
<Item num="5">Start.NonAdapterBS.CLS</Item>
<Item num="6">Start.Production.CLS</Item>
<Item num="7">Start.REST.CLS</Item>
<Item num="8">Start.Request.CLS</Item>
<Item num="9">Start.Response.CLS</Item>
<Item num="10">Start.SQLInsertOperation.CLS</Item>
<Item num="11">Start.Utils.CLS</Item>
<Item num="12">Start.WS.WebServiceBS.CLS</Item>
<Item num="13">Start.WeatherCheckProcess.CLS</Item>
<Item num="14">Start.WeatherHistory.CLS</Item>
</Contents>
<ProductionClassInExport>Start.Production</ProductionClassInExport>
</Deployment>

]]></ProjectTextDocument>
</Document></Export>
