<?xml version="1.0" encoding="UTF-8"?>
<Export generator="Cache" version="9" zv="Cache for Windows NT (Intel) 5.0.5 (Build 936U)" ts="2004-04-07 14:10:46">
<Class name="User.Person">
<ClassType>persistent</ClassType>
<ProcedureBlock>1</ProcedureBlock>
<Super>%Persistent</Super>
<TimeChanged>59632,48797.050787</TimeChanged>

<Index name="NewIndex1">
<PrimaryKey>1</PrimaryKey>
<Properties>PID</Properties>
<Unique>1</Unique>
</Index>

<Property name="Pict">
<Type>%Stream</Type>
<Collection>binarystream</Collection>
</Property>

<Property name="PID">
<Type>%Integer</Type>
</Property>

<Storage name="Default">
<Type>%Library.CacheStorage</Type>
<DataLocation>^User.PersonD</DataLocation>
<DefaultData>PersonDefaultData</DefaultData>
<IdLocation>^User.PersonD</IdLocation>
<IndexLocation>^User.PersonI</IndexLocation>
<StreamLocation>^User.PersonS</StreamLocation>
<Data name="PersonDefaultData">
<Structure>listnode</Structure>
<Subscript/>
<Value name="1">
<Value>%%CLASSNAME</Value>
</Value>
<Value name="2">
<Value>Pict</Value>
</Value>
<Value name="3">
<Value>PID</Value>
</Value>
</Data>
</Storage>
</Class>
<Checksum value="3263057420"/>
</Export>
