<?xml version="1.0" encoding="UTF-8"?>
<Export generator="Cache" version="9" zv="Cache for Windows NT (Intel) 5.0.13 (Build 5607U)" ts="2005-04-08 16:22:10">
<Class name="Sample.Department">
<ClassType>persistent</ClassType>
<ProcedureBlock>1</ProcedureBlock>
<Super>Sample.Party</Super>
<TimeChanged>59998,57125.446026</TimeChanged>
<TimeCreated>59997,70883.006758</TimeCreated>
<ClassDefinitionError>0</ClassDefinitionError>

<Projection name="JavaProjection1">
<Type>%Projection.Java</Type>
</Projection>

<Property name="Parties">
<Type>Party</Type>
<Collection>list</Collection>
<Parameter name="JAVATYPE" value="java.util.List"/>
</Property>

<Method name="BuildNameList">
<FormalSpec>LOD:%ListOfDataTypes</FormalSpec>
<ReturnType>%ListOfDataTypes</ReturnType>
<Implementation><![CDATA[

 Do LOD.Insert(..Name)	
 For i=1:1:..Parties.Count() {
     Set LOD = ..Parties.GetAt(i).BuildNameList(LOD)
 }
 Quit LOD
]]></Implementation>
</Method>

<Method name="PrintName">
<FormalSpec>tab:%Integer</FormalSpec>
<Implementation><![CDATA[
 Write ?tab,"Department Name is ",..Name,!
 For i=1:1:..Parties.Count() {
     Do ..Parties.GetAt(i).PrintName(tab+5)
 }
]]></Implementation>
</Method>

<Method name="SubNodes">
<ReturnType>%ListOfObjects</ReturnType>
<Implementation><![CDATA[	Quit ..Parties
]]></Implementation>
</Method>

<Storage name="Default">
<Type>%Library.CacheStorage</Type>
<DefaultData>DepartmentDefaultData</DefaultData>
<Data name="DepartmentDefaultData">
<Structure>listnode</Structure>
<Subscript>"Department"</Subscript>
<Value name="1">
<Value>Parties</Value>
</Value>
</Data>
</Storage>
</Class>
<Class name="Sample.Employee">
<ClassType>persistent</ClassType>
<ProcedureBlock>1</ProcedureBlock>
<Super>Sample.Party</Super>
<TimeChanged>59998,57163.570939</TimeChanged>
<TimeCreated>59997,70883.034328</TimeCreated>
<ClassDefinitionError>0</ClassDefinitionError>

<Projection name="JavaProjection1">
<Type>%Projection.Java</Type>
</Projection>

<Method name="PrintName">
<FormalSpec>tab:%Integer</FormalSpec>
<Implementation><![CDATA[
 write ?tab,"Employee Name is ",..Name,!
 Quit
]]></Implementation>
</Method>

<Method name="BuildNameList">
<FormalSpec>LOD:%ListOfDataTypes</FormalSpec>
<ReturnType>%ListOfDataTypes</ReturnType>
<Implementation><![CDATA[
 Do LOD.Insert(..Name)	
 Quit LOD
]]></Implementation>
</Method>

<Storage name="Default">
<Type>%Library.CacheStorage</Type>
</Storage>
</Class>
<Class name="Sample.Party">
<Abstract>0</Abstract>
<ClassType>persistent</ClassType>
<ProcedureBlock>1</ProcedureBlock>
<Super>%Persistent,%Populate,%XML.Adaptor</Super>
<TimeChanged>59998,58307.671238</TimeChanged>
<TimeCreated>59997,70883.045874</TimeCreated>
<ClassDefinitionError>0</ClassDefinitionError>

<Projection name="JavaProjection1">
<Type>%Projection.Java</Type>
<Parameter name="ROOTDIR"/>
</Projection>

<Property name="Name">
<Type>%String</Type>
</Property>

<Method name="BuildNameList">
<FormalSpec>LOD:%ListOfDataTypes</FormalSpec>
<ReturnType>%ListOfDataTypes</ReturnType>
<Implementation><![CDATA[	Quit LOD
]]></Implementation>
</Method>

<Method name="PrintName">
<FormalSpec>tab:%Integer</FormalSpec>
</Method>

<Method name="SubNodes">
<ReturnType>%ListOfObjects</ReturnType>
<Implementation><![CDATA[
	Set nullnodes = ##class(%Library.ListOfObjects).%New()
	Quit nullnodes
]]></Implementation>
</Method>

<Storage name="Default">
<Type>%Library.CacheStorage</Type>
<DataLocation>^Sample.PartyD</DataLocation>
<DefaultData>PartyDefaultData</DefaultData>
<IdLocation>^Sample.PartyD</IdLocation>
<IndexLocation>^Sample.PartyI</IndexLocation>
<StreamLocation>^Sample.PartyS</StreamLocation>
<Data name="PartyDefaultData">
<Structure>listnode</Structure>
<Subscript/>
<Value name="1">
<Value>%%CLASSNAME</Value>
</Value>
<Value name="2">
<Value>Name</Value>
</Value>
</Data>
</Storage>
</Class>
<Checksum value="2632579625"/>
</Export>
