<?xml version="1.0" encoding="UTF-8"?>
<Export generator="Cache" version="25" zv="Cache for Windows (x86-64) 2015.1 (Build 429U)" ts="2015-03-24 16:39:12">
<Class name="MyNet.FtpSession">
<Super>%Net.FtpSession</Super>
<TimeChanged>63635,59330.786745</TimeChanged>
<TimeCreated>63635,54495.262859</TimeCreated>

<Method name="getSize">
<FormalSpec><![CDATA[fname:%String,&size:%Integer]]></FormalSpec>
<Implementation><![CDATA[
	set type=..Type  // 現Typeを保存しておく
	do ..Binary()
	set st=..sendCommand("SIZE "_fname)   //SIZE <file name>
	set size=..ReturnMessage
	if type="Ascii" {
		do ..Ascii()
	}
	quit
]]></Implementation>
</Method>
</Class>
</Export>
