<?xml version="1.0" encoding="UTF-8"?>
<Export generator="Cache" version="25" zv="Cache for Windows (x86-64) 2018.1.7 (Build 721U)" ts="2022-09-30 17:06:29">
<Class name="ISJ.Utils">
<TimeChanged>66382,61582.250759</TimeChanged>
<TimeCreated>66382,43512.405251</TimeCreated>

<Method name="MakeClassDeployed">
<ClassMethod>1</ClassMethod>
<FormalSpec>ns=$namespace</FormalSpec>
<Implementation><![CDATA[
    #dim ex As %Exception.AbstractException
    try {
	    new $namespace
	    set $namespace=ns

        Set statement = ##class(%SQL.Statement).%New()
        Do statement.%PrepareClassQuery("%Dictionary.ClassDefinitionQuery","Summary")
        set rs = statement.%Execute()
        while rs.%Next() {
            set name=rs.%Get("Name")
            if name["%" continue            // %つきのクラスは飛ばす
            set st=$System.OBJ.MakeClassDeployed(cls)
            write:st !,cls," deployed"
        }
    }
    catch ex {
        write "エラー発生 : ",ex.DisplayString(),!
        set $NAMESPACE=ns
    }
]]></Implementation>
</Method>

<Storage name="Default">
<Type>%Library.CacheStorage</Type>
<DataLocation>^ISJ.UtilsD</DataLocation>
<DefaultData>UtilsDefaultData</DefaultData>
<IdLocation>^ISJ.UtilsD</IdLocation>
<IndexLocation>^ISJ.UtilsI</IndexLocation>
<StreamLocation>^ISJ.UtilsS</StreamLocation>
<Data name="UtilsDefaultData">
<Value name="1">
<Value>%%CLASSNAME</Value>
</Value>
</Data>
</Storage>
</Class>
</Export>
