<?xml version="1.0" encoding="UTF-8"?>
<Export generator="Cache" version="25">
<Class name="ZSample.Installer">
<Description>
%Installer Manifest ZTraining.Test</Description>
<IncludeCode>%occInclude</IncludeCode>
<TimeCreated>65184,23904.147378</TimeCreated>

<XData name="Test">
<Description>
マニフェスト定義.</Description>
<XMLNamespace>INSTALLER</XMLNamespace>
<Data><![CDATA[
<Manifest>

<Namespace Create="no" Name="USER" Code="USER" Data="USER">
<Configuration>
<GlobalMapping Global="Sample.PersonD" From="SAMPLES"/>
</Configuration>

</Namespace>

</Manifest>
]]></Data>
</XData>

<Method name="setup">
<Description>
これは XGL により生成されたメソッド・ジェネレーターです。.</Description>
<Internal>1</Internal>
<ClassMethod>1</ClassMethod>
<CodeMode>objectgenerator</CodeMode>
<FormalSpec><![CDATA[&pVars,pLogLevel:%Integer=3,pInstaller:%Installer.Installer,pLogger:%Installer.AbstractLogger]]></FormalSpec>
<ReturnType>%Status</ReturnType>
<Implementation><![CDATA[
 #; XGL ドキュメントでこのメソッドのコードを生成する.
 Quit ##class(%Installer.Manifest).%Generate(%compiledclass, %code, "Test")
]]></Implementation>
</Method>
</Class>
</Export>
