<?xml version="1.0" encoding="UTF-8"?>
<Export generator="Cache" version="25">
<Class name="User.REST">
<Super>%CSP.REST</Super>
<TimeCreated>63684,41755.528552</TimeCreated>

<XData name="UrlMap">
<XMLNamespace>http://www.intersystems.com/urlmap</XMLNamespace>
<Data><![CDATA[
<Routes>
<Route Url="/req1" Method="POST" Call="req1"/>
<Route Url="/req2" Method="POST" Call="req2"/>
</Routes>
]]></Data>
</XData>

<Method name="req1">
<ClassMethod>1</ClassMethod>
<Implementation><![CDATA[
	    set name1=%request.Get("NAME1")
	    set name2=%request.Get("NAME2")
	    set age=%request.Get("AGE")

	    set %response.ContentType="application/json"
	    set tdobject = {}
	    do tdobject.%Set("name",name1_" "_name2)
	    do tdobject.%Set("age",age)
	    write tdobject.%ToJSON()
	    
	    quit $$$OK
]]></Implementation>
</Method>

<Method name="req2">
<ClassMethod>1</ClassMethod>
<ReturnType>%Status</ReturnType>
<Implementation><![CDATA[
	set %response.ContentType="application/json"
	set tProxy=##class(%ZEN.proxyObject).%New()
	set tProxy.name=%request.Get("p1")_" "_%request.Get("p2")
	set tProxy.age="100"
	do tProxy.%ToJSON()
	quit $$$OK
]]></Implementation>
</Method>
</Class>
</Export>
