<?xml version="1.0" encoding="UTF-8"?>
<Export generator="Cache" version="9" zv="Cache for Windows NT (Intel) 5.0.6 (Build 1017U)" ts="2004-04-02 14:31:12">
<Class name="wsd.YUBIN">
<ClassType>persistent</ClassType>
<ProcedureBlock>1</ProcedureBlock>
<Super>%Persistent</Super>
<TimeChanged>59621,81730.617689</TimeChanged>
<TimeCreated>59621,78518.088079</TimeCreated>

<Parameter name="EXTENTSIZE">
<Default>121643</Default>
</Parameter>

<Property name="GroupCode">
<Type>%String</Type>
</Property>

<Projection name="JavaProjection1">
<Type>%Projection.Java</Type>
</Projection>

<Property name="Prefecture">
<Type>%String</Type>
</Property>

<Property name="PrefectureKatakana">
<Type>%String</Type>
</Property>

<Property name="City">
<Type>%String</Type>
</Property>

<Property name="CityKatakana">
<Type>%String</Type>
</Property>

<Property name="Street">
<Type>%String</Type>
</Property>

<Property name="StreetKatakana">
<Type>%String</Type>
</Property>

<Property name="NewZipCode">
<Type>%String</Type>
</Property>

<Property name="OldZipCode">
<Type>%String</Type>
</Property>

<Index name="AddressIndex1">
<Properties>Prefecture,City,Street</Properties>
</Index>

<Index name="CityIndex1">
<Properties>City</Properties>
</Index>

<Index name="NewZipIndex">
<Properties>NewZipCode</Properties>
</Index>

<Index name="OldZipIndex">
<Properties>OldZipCode</Properties>
</Index>

<Index name="PrefIndex1">
<Properties>Prefecture</Properties>
</Index>

<Index name="StreetIndex1">
<Properties>Street</Properties>
</Index>

<Storage name="Default">
<Type>%Library.CacheStorage</Type>
<DataLocation>^wsd.YUBIND</DataLocation>
<DefaultData>YUBINDefaultData</DefaultData>
<IdLocation>^wsd.YUBIND</IdLocation>
<IndexLocation>^wsd.YUBINI</IndexLocation>
<StreamLocation>^wsd.YUBINS</StreamLocation>
<Data name="YUBINDefaultData">
<Structure>listnode</Structure>
<Subscript/>
<Value name="1">
<Value>%%CLASSNAME</Value>
</Value>
<Value name="2">
<Value>City</Value>
</Value>
<Value name="3">
<Value>GroupCode</Value>
</Value>
<Value name="4">
<Value>NewZipCode</Value>
</Value>
<Value name="5">
<Value>OldZipCode</Value>
</Value>
<Value name="6">
<Value>Prefecture</Value>
</Value>
<Value name="7">
<Value>Street</Value>
</Value>
<Value name="8">
<Value>CityKatakana</Value>
</Value>
<Value name="9">
<Value>PrefectureKatakana</Value>
</Value>
<Value name="10">
<Value>StreetKatakana</Value>
</Value>
</Data>
</Storage>
</Class>
<Checksum value="1837329858"/>
</Export>
