<?xml version="1.0" encoding="UTF-8"?>
<Export generator="Cache" version="25" zv="Cache for Windows (x86-64) 2018.1.3 (Build 414U)" ts="2020-04-18 23:17:21">
<Class name="ISJ.TestClass1">
<Super>%Persistent,%Populate</Super>
<TimeChanged>65487,83747.474298</TimeChanged>
<TimeCreated>65487,83650</TimeCreated>

<Property name="name">
<Type>%String</Type>
</Property>

<Method name="getLatestID">
<ClassMethod>1</ClassMethod>
<ReturnType>%Integer</ReturnType>
<SqlName>getLatestID</SqlName>
<SqlProc>1</SqlProc>
<Implementation><![CDATA[
	set latestID=$Order(^ISJ.TestClass1D(""),-1)
	quit latestID
]]></Implementation>
</Method>

<Storage name="Default">
<Type>%Library.CacheStorage</Type>
<DataLocation>^ISJ.TestClass1D</DataLocation>
<DefaultData>TestClass1DefaultData</DefaultData>
<IdLocation>^ISJ.TestClass1D</IdLocation>
<IndexLocation>^ISJ.TestClass1I</IndexLocation>
<StreamLocation>^ISJ.TestClass1S</StreamLocation>
<ExtentSize>3</ExtentSize>
<Data name="TestClass1DefaultData">
<Structure>listnode</Structure>
<Subscript/>
<Value name="1">
<Value>%%CLASSNAME</Value>
</Value>
<Value name="2">
<Value>name</Value>
</Value>
</Data>
<Property name="%%CLASSNAME">
<Selectivity>100.0000%</Selectivity>
<AverageFieldSize>1</AverageFieldSize>
</Property>
<Property name="%%ID">
<Selectivity>1</Selectivity>
<AverageFieldSize>1</AverageFieldSize>
</Property>
<Property name="name">
<Selectivity>33.3333%</Selectivity>
<AverageFieldSize>16.67</AverageFieldSize>
</Property>
<SQLMap name="IDKEY">
<BlockCount>-4</BlockCount>
</SQLMap>
</Storage>
</Class>
</Export>
