<?xml version="1.0" encoding="UTF-8"?>
<Export generator="Cache" version="25" zv="Cache for Windows (x86-64) 2018.1.3 (Build 414U)" ts="2020-04-19 09:46:10">
<Class name="ISJ.Utils">
<TimeChanged>65488,35122.191433</TimeChanged>
<TimeCreated>65488,35122.191433</TimeCreated>

<Method name="ClassInfo">
<ClassMethod>1</ClassMethod>
<Implementation><![CDATA[
 	#dim ex As %Exception.AbstractException
 	try {
		set currentNS=$NAMESPACE
		while (1) {
			read "ネームスペースを指定してください : ",x
			if x'=""  quit
		}
		set $NAMESPACE=x // ネームスペースの移動
		write !!

		Set statement = ##class(%SQL.Statement).%New()
	    Do statement.%PrepareClassQuery("%Dictionary.ClassDefinitionQuery","Summary")
	    set rs = statement.%Execute()
		while rs.%Next() {
			set name=rs.%Get("Name")
			
			if name["%" continue            // %つきのクラスは飛ばす
			if $extract(name,1,3)="csp" continue  // csp.*は飛ばす
			if $extract(name,1,3)="csr" continue  // csr.*は飛ばす

			write name,!
		}
		set $NAMESPACE=currentNS
 	}
	catch ex {
		write "エラー発生 : ",ex.DisplayString(),!
		set $NAMESPACE=$get(currentNS)
	}
]]></Implementation>
</Method>
</Class>
</Export>
