<?xml version="1.0" encoding="UTF-8"?>
<Export generator="Cache" version="25" zv="Cache for Windows (x86-64) 2015.1 (Build 429U)" ts="2015-04-13 12:43:13">
<Class name="REST.Person">
<Super>%CSP.REST</Super>
<TimeChanged>63655,45437.488587</TimeChanged>
<TimeCreated>63623,39757.186699</TimeCreated>

<XData name="UrlMap">
<Data><![CDATA[
<Routes>
<Route Url="/persons/:keyword" Method="GET" Call="REST.Person:getperson"/>
<Route Url="/persons2/" Method="POST" Call="REST.Person:getperson2"/>
</Routes>
]]></Data>
</XData>

<Method name="getperson">
<ClassMethod>1</ClassMethod>
<FormalSpec>keywords:%Integer</FormalSpec>
<ReturnType>%Status</ReturnType>
<Implementation><![CDATA[
	// Arg(1):keyword, Arg(2):callback

  	Set person=##class(Sample.Person).%OpenId(keywords) //Open a Person object

    // JSON
    if $G(%request.Data("callback",1)) = "" {
  		Set status = ##class(%ZEN.Auxiliary.jsonProvider).%WriteJSONFromObject(,person)
  		write !
    // JSONP
    } else {
  		write %request.Data("callback",1)
  		write "("
  		Set status = ##class(%ZEN.Auxiliary.jsonProvider).%WriteJSONFromObject(,person)
  		write !
  		write ")"
    }
  	Quit 1
]]></Implementation>
</Method>

<Method name="getperson2">
<ClassMethod>1</ClassMethod>
<ReturnType>%Status</ReturnType>
<Implementation><![CDATA[
	s keywords=$get(%request.Data("keyword",1))
	set query="SELECT * FROM Sample.Person WHERE Name LIKE '%"_keywords_"%'"
	do ##class(%ZEN.Auxiliary.jsonSQLProvider).%WriteJSONFromSQL(,query) //Output the JSON to the response -

  	Quit 1
]]></Implementation>
</Method>

<Method name="OnPreHTTP">
<ClassMethod>1</ClassMethod>
<ReturnType>%Boolean</ReturnType>
<Implementation><![CDATA[
    Set %response.ContentType = "application/javascript" //So the browser understands that this is JSONP
    Set %response.CharSet = "utf-8"
    Quit 1
]]></Implementation>
</Method>
</Class>


<Class name="Sample.CSPPerson">
<Super>%CSP.Page</Super>
<TimeChanged>63655,45721.817178</TimeChanged>
<TimeCreated>63517,37240.438752</TimeCreated>

<Method name="OnPreHTTP">
<ClassMethod>1</ClassMethod>
<ReturnType>%Boolean</ReturnType>
<Implementation><![CDATA[
    Set %response.ContentType = "application/javascript" //So the browser understands that this is JSONP
    Set %response.CharSet = "utf-8"
    Quit 1
]]></Implementation>
</Method>

<Method name="OnPage">
<ClassMethod>1</ClassMethod>
<ReturnType>%Status</ReturnType>
<Implementation><![CDATA[
  	Set pid=%request.Data("keyword",1)
  	Set person=##class(Sample.Person).%OpenId(pid) //Open a Person object

    // JSON
    if $G(%request.Data("callback",1)) = "" {
   		Set status = ##class(%ZEN.Auxiliary.jsonProvider).%WriteJSONFromObject(,person) //Output the JSON to the response - 
  		write !
    // JSONP
    } else {
  		write %request.Data("callback",1)
  		write "("
  		Set status = ##class(%ZEN.Auxiliary.jsonProvider).%WriteJSONFromObject(,person) //Output the JSON to the response - 
  		write !
  		write ")"
    }
  	Quit 1
]]></Implementation>
</Method>
</Class>
</Export>
