<?xml version="1.0" encoding="UTF-8"?>
<Export generator="IRIS" version="26" zv="IRIS for Windows (x86-64) 2020.1 (Build 217_1U)" ts="2021-03-29 23:30:32">
<Class name="Sample.Utility">
<Super>%RegisteredObject</Super>
<TimeChanged>65832,84588.957423</TimeChanged>
<TimeCreated>65832,62813.272145</TimeCreated>

<Method name="Floor">
<ClassMethod>1</ClassMethod>
<FormalSpec>val:%Numeric,scale:%Integer</FormalSpec>
<Language>objectscript</Language>
<ReturnType>%Numeric</ReturnType>
<Implementation><![CDATA[
	Set multi=$select(scale>0:scale-1,1:scale) 
	Set tmpval=$system.SQL.FLOOR(val*(10**multi)) 
	Quit tmpval*(10**-multi)
]]></Implementation>
</Method>

<Method name="Ceiling">
<ClassMethod>1</ClassMethod>
<FormalSpec>val:%Numeric,scale:%Integer</FormalSpec>
<Language>objectscript</Language>
<ReturnType>%Numeric</ReturnType>
<Implementation><![CDATA[
	Set multi=$select(scale>0:scale-1,1:scale) 
	Set tmpval=$system.SQL.CEILING(val*(10**multi)) 
	Quit tmpval*(10**-multi)
]]></Implementation>
</Method>
</Class>
</Export>
