﻿<?xml version="1.0" encoding="utf-8"?>
<OfficeApp
  xmlns="http://schemas.microsoft.com/office/appforoffice/1.0"
  xmlns:xsi="http://www.w3.org/2001/XMLSchema-instance"
  xsi:type="ContentApp">
  <Id>a620b85e-41c0-49e2-a523-48cd21c47da5</Id>
  <Version>1.0</Version>
  <ProviderName>Hiroshi Sato</ProviderName>
  <DefaultLocale>en-US</DefaultLocale>
  <DisplayName DefaultValue="CacheApp" />
  <Description DefaultValue="This is a test app." />
  <Capabilities>
    <Capability Name="Workbook" />
  </Capabilities>
  <DefaultSettings>
    <SourceLocation DefaultValue="http://localhost:57772/csp/test/ofiiceapi.CSP" />
    <RequestedWidth>400</RequestedWidth>
    <RequestedHeight>400</RequestedHeight>
  </DefaultSettings>
  <Permissions>ReadWriteDocument</Permissions>
</OfficeApp>