<?xml version="1.0" encoding="UTF-8"?>
<Export generator="Cache" version="25" zv="Cache for Windows (x86-64) 2015.2 (Build 553U)" ts="2015-03-23 16:02:47">
<Class name="REST.Broker">
<Super>%CSP.REST</Super>
<TimeChanged>63634,57109.589532</TimeChanged>
<TimeCreated>63034,38587.500734</TimeCreated>

<XData name="UrlMap">
<Data><![CDATA[
<Routes>
  <Route Url="/jqueryjsondirect" Method="GET" Call="REST.JSON:GetColorsDirect"/>
  <Route Url="/jqueryjsonarray" Method="GET" Call="REST.JSON:GetColorsArray"/>
  <Route Url="/jqueryjsonsql" Method="GET" Call="REST.JSON:GetColorsSQL"/>
  <Route Url="/jqueryjsonobject" Method="GET" Call="REST.JSON:GetColorsObject"/>
  <Route Url="/test" Method="GET" Call="Test"/>
  <Route Url="/testp" Method="GET" Call="Testp"/>
  <Route Url="/companies" Method="GET" Call="REST.HTML:GetCompanies"/>
  <Route Url="/orders/:compid" Method="GET" Call="REST.HTML:GetOrders"/>
  <Route Url="/JSON/companies" Method="GET" Call="REST.JSON:GetAllCompanies"/>
  <Route Url="/JSON/company/:compid" Method="PUT" Call="REST.JSON:UpdateCompany"/>
  <Route Url="/JSON/company/:compid" Method="DELETE" Call="REST.JSON:DeleteCompany"/>
  <Route Url="/JSON/company" Method="POST" Call="REST.JSON:CreateCompany"/>
  <Route Url="/XML/companies" Method="GET" Call="REST.XML:GetAllCompanies"/>
  <Route Url="/XML/company/:compid" Method="GET" Call="REST.XML:GetCompany"/>
</Routes>
]]></Data>
</XData>

<Method name="Test">
<ClassMethod>1</ClassMethod>
<ReturnType>%Status</ReturnType>
<Implementation><![CDATA[
	&html<IT WORKS!>
	quit $$$OK
]]></Implementation>
</Method>

<Method name="Testp">
<ClassMethod>1</ClassMethod>
<ReturnType>%Status</ReturnType>
<Implementation><![CDATA[
	Write %request.Data("callback",1)
  	write "("
  	Write "{content: 123}"
  	write ")"
	quit $$$OK
]]></Implementation>
</Method>
</Class>


<CSP name="ofiiceapi.CSP" application="/csp/test/" default="1"><![CDATA[
<!DOCTYPE html>
<html>
  <head>
    <meta charset="UTF-8" />
    <meta http-equiv="X-UA-Compatible" content="IE=Edge"/>
    <script src="https://ajax.aspnetcdn.com/ajax/jquery/jquery-1.9.0.min.js"></script>
    <script src="https://appsforoffice.microsoft.com/lib/1.0/hosted/office.js"></script>
    <script type="text/javascript">
    Office.initialize = function (reason) {
      $('#msgline').html('done !');
      $(document).ready(function () {
          var docUrl = 'http://localhost:57772/rest/testp';
          $.ajax({
            url : docUrl,
            dataType : 'jsonp',
            jsonp : 'callback',
            beforeSend:function(xhr){
              $('#msgline').html('getting from Cache ...');
            },
            success : function(data, status){
              $('#msgline').html('done !');
                Office.context.document.setSelectedDataAsync(data.content);
            },
            error : function(){
              $('#msgline').html('error.');
            }
          });
        });
    };
    </script>
  </head>
  <body>
    <div style="font-weight:bold">Cache Data Picker</div>
    <p>
    Cacheデータベースからデータを取得し、
    選択中のセルに挿入します</p>
    <div>
      <input type="button" id="execbtn" value="Execute !" />
    </div>
    <p id="msgline" style="background-color:gray;">initializing ...</p>
  </body>
</html>]]></CSP>
</Export>
