<?xml version="1.0" encoding="UTF-8"?>
<Export generator="Cache" version="25" zv="Cache for Windows (x86-64) 2014.1.2 (Build 753U)" ts="2014-11-06 18:39:23">
<Class name="Script.ErrorOpe">
<Description>
Cacheオブジェクトスクリプト～基礎編～演習サンプルクラス</Description>
<TimeChanged>63497,67153.443923</TimeChanged>
<TimeCreated>61837,62482.312936</TimeCreated>

<Method name="TryCatchTest1">
<Description><![CDATA[
**************************************************<br>
例文：P8 のメソッド<br>
**************************************************<br>]]></Description>
<ClassMethod>1</ClassMethod>
<FormalSpec>a:%Integer,b:%Integer</FormalSpec>
<Implementation><![CDATA[
	try{
	// b=0の場合、エラーになる
	write a/b	
　　}
	catch err{
		zwrite err
		write !,"ErrorName-",err.Name,!
		write "ErrorCode-",err.Code,!
		write "ErrorLocation-",err.Location,!
		write "ErrorData-",err.Data,!
	}
	quit
]]></Implementation>
</Method>

<Method name="TryCatchFromObjectStatus">
<Description><![CDATA[
**************************************************<br>
例文：P14 のメソッド<br>
**************************************************<br>]]></Description>
<ClassMethod>1</ClassMethod>
<Implementation><![CDATA[
	try {
		// 第1引数で指定したディレクトリの空き容量(free)、全容量(total)を
 		// GB単位(2)で調査するメソッド
		set st=##class(%File).GetDirectorySpace("c:\kt\",.free,.total,2)
		
		if $$$ISERR(st){   // $$$ISERR()は、ステータスがエラーの場合1を返すマクロ
	 		do $system.Status.DisplayError(st)   //(1)
	 			write !
	 	 	 	throw ##class(%Exception.StatusException).CreateFromStatus(st)
				//$$$ThrowStatus(st) // 左記マクロは上記1文と同じです
		}
		// -- 以下マクロは第2引数に指定するステータスがエラーだったときのみ
		//    エラーステータスを例外オブジェクトに変換し第1引数の変数に格納し、THROWを実行します
		// $$$THROWONERROR(err,st)	
	}
	catch err {
		zwrite err  // ターミナル出力（2012.1までは do $system.OBJ.Dump(err)を使用します）
	}
]]></Implementation>
</Method>

<Method name="TryCatchSQLStatus">
<Description><![CDATA[
**************************************************<br>
例文：P17 のメソッド<br>
**************************************************<br>]]></Description>
<ClassMethod>1</ClassMethod>
<Implementation><![CDATA[
 try {
 	// 型指定に不備あり：VARCHR
 	&sql(create table Test.A (Name VARCHAR NOT NULL, Zip VARCHR))
 	If SQLCODE<0 {  // 埋め込みSQLの実行がエラーだった場合
 	  zwrite %msg
 	  throw ##class(%Exception.SQL).CreateFromSQLCODE(SQLCODE,%msg)
 	}
 }
 catch err {
	zwrite err
 }
]]></Implementation>
</Method>

<Method name="GeneralError">
<Description><![CDATA[
**************************************************<br>
例文：P19　簡易的にエラーオブジェクトを生成する方法 2013.1以降<br>
%Exception.Generalクラスのインスタンス生成時の引数は以下のとおり<br>
<li>第1引数 エラー名</li>
<li>第2引数 エラーコード</li>
<li>第3引数	エラー発生箇所（ラベル+行数^ルーチン）</li>
<li>第4引数 エラー時のデータ</li>
**************************************************<br>]]></Description>
<ClassMethod>1</ClassMethod>
<Implementation><![CDATA[
 try {
   throw ##class(%Exception.General).%New("エラー名","5001","","エラー時のデータ")
 }
 catch ex {
	zwrite ex
 }
]]></Implementation>
</Method>

<Method name="TryCatchTest2">
<Description><![CDATA[
**************************************************<br>
例文：P21 Try-Catchでのエラー処理に利用したメソッド2<br>
**************************************************<br>]]></Description>
<ClassMethod>1</ClassMethod>
<FormalSpec>a:%Integer,b:%Integer</FormalSpec>
<Implementation><![CDATA[
 try{    
	if b=0 {
	set obj=##class(Test.MyException).%New()
	set obj.Name="引数に0が指定されると<DIVIDE>エラーが発生"
	throw obj
	}
	write a/b,!
 }
 catch err {
	zwrite err
 }
]]></Implementation>
</Method>

<Method name="TryCatchQuitTest">
<Description><![CDATA[
**************************************************<br>
例文：P23　QUITの例<br>
**************************************************<br>]]></Description>
<ClassMethod>1</ClassMethod>
<Implementation><![CDATA[
 #dim ex As %Exception.AbstractException  // スタジオの入力アシスト機能を使うため指定
 try{
	try {
		quit
		write 1/0 // エラー発生
	}
	catch ex1 {
		zwrite ex1
	}
	write "Try-Catchブロック(入れ子1)の外の処理",!
 }
 catch ex2 {
	 zwrite ex2
 }
 write "Try-Catch全ブロック終了後の処理",!
]]></Implementation>
</Method>

<Method name="TryCatchReturnTest">
<Description><![CDATA[
**************************************************<br>
例文：P23　RETURNの例<br>
**************************************************<br>]]></Description>
<ClassMethod>1</ClassMethod>
<Implementation><![CDATA[
	#dim ex As %Exception.AbstractException  // スタジオの入力アシスト機能を使うため指定
	try{
		try {
			return
			write 1/0 // エラー発生
		}
		catch ex1 {
			zwrite ex1
		}
		write "Try-Catchブロック(入れ子1)の外の処理",!
	}
	catch ex2 {
		zwrite ex2
	}
	write "Try-Catch全ブロック終了後の処理",!
]]></Implementation>
</Method>

<Method name="TryCatchToStatus">
<Description><![CDATA[
**************************************************<br>
例文：P24　エラーオブジェクトから%Statusのエラーを取得<br>
**************************************************<br>]]></Description>
<ClassMethod>1</ClassMethod>
<ReturnType>%Status</ReturnType>
<Implementation><![CDATA[
	// #dimはスタジオの入力アシスト機能を使うため指定
	#dim ex As %Exception.AbstractException  
	set status=$$$OK 
	try {
		write 1/0 // エラー発生
	}
	catch ex {
		zwrite ex
		set status=ex.AsStatus()
	}
	quit status   // %Statusの戻り値を返送
]]></Implementation>
</Method>

<Method name="TryCatchToSQLCODE">
<Description><![CDATA[
**************************************************<br>
例文：P26　エラーオブジェクトからSQLエラーコードとメッセージを取得<br>
**************************************************<br>]]></Description>
<ClassMethod>1</ClassMethod>
<Implementation><![CDATA[
  //#dimはスタジオの入力アシスト機能を使うため指定
  #dim ex As %Exception.AbstractException
  try {
	write 1/0 // エラー発生
  }
  catch ex {
	zwrite ex
	write !,"=== SQL用エラー情報 ==="
	write !,"SQLCODE = ",ex.AsSQLCODE()
	write !,"%msg = ",ex.AsSQLMessage()
  }
]]></Implementation>
</Method>

<Method name="ErrorStatusTest1">
<Description><![CDATA[
**************************************************<br>
例文：P29～30 エラーステータスの確認<br>
**************************************************<br>]]></Description>
<ClassMethod>1</ClassMethod>
<Implementation><![CDATA[
	//ユーザ任意文字列でエラーを作成します。
	set st1=$System.Status.Error(5001,"ユーザ用任意文字列のエラー")
	//上記コードは以下のマクロ定義の利用と同じです。
	set st2=$$$ERROR($$$GeneralError,"その他のユーザ用エラー任意文字列")
	
	//配列変数に分解
	do $system.Status.DecomposeStatus(st1,.err)
	zwrite err
	
	kill err
	write !!,"AppendStatusのテスト"
	set append=$system.Status.AppendStatus(st1,st2)
	do $system.Status.DecomposeStatus(append,.err)
	zwrite err
	
	kill err
	write !!,"EmbedStatusのテスト"
	set embed=$system.Status.EmbedStatus(st1,st2)
	do $system.Status.DecomposeStatus(embed,.err)
	zwrite err
]]></Implementation>
</Method>

<Method name="TryCatchFromObjectStatus2">
<Description><![CDATA[
**************************************************<br>
例文：P32 のメソッド<br>
**************************************************<br>]]></Description>
<ClassMethod>1</ClassMethod>
<Implementation><![CDATA[
 #dim ex As %Exception.StatusException  // スタジオの入力アシスト機能を使うため指定
 try {
   set status1=$system.License.IsValidKey("c:\存在しないディレクトリ\cache.key")
   set status2=$$$ERROR($$$GeneralError,"ユーザ用エラー")
   set status3=$$$ERROR($$$GeneralError,"その他のユーザ用エラー")
   //　status1 -> status2 -> status3 の順番にステータスを追加していきます
   set appendStatus=$system.Status.AppendStatus(status1,status2)
   set appendStatus=$system.Status.AppendStatus(appendStatus,status3)
   if $$$ISERR(appendStatus){
    throw ##class(%Exception.StatusException).CreateFromStatus(appendStatus)
   }
 }
 catch ex {
   set cn=0
   for {
	set cn=cn+1
	write !,"◆◆◆ ",cn," 個目のエラーは以下のとおりです"
	zwrite ex
	// オブジェクトエラー以外のときは終了
	if $classname(ex)'="%Exception.StatusException" quit  
	// 次のエクセプションがない場合はループ終了
	if '$isobject(ex.NextException) quit
	set ex=ex.NextException		
   }
 }
]]></Implementation>
</Method>

<Method name="TryCatchToAppErrLog">
<Description><![CDATA[
**************************************************<br>
例文：P38　エラーオブジェクトをアプリケーションエラーログへ登録br>
管理ポータル→システムオペレーション→システムログ→アプリケーション・エラー・ログ で確認できます。
**************************************************<br>]]></Description>
<ClassMethod>1</ClassMethod>
<Implementation><![CDATA[
 #dim ex As %Exception.AbstractException  //スタジオの入力アシスト機能を使うため
 try {
	write 1/0 // エラー発生
 }
 catch ex {
	do ex.Log()
	zwrite ex
 }
]]></Implementation>
</Method>
</Class>
</Export>
