<?xml version="1.0" encoding="UTF-8"?>
<Export generator="Cache" version="25" zv="Cache for Windows (x86-64) 2014.1 (Build 521U)" ts="2013-11-18 13:56:39">
<Class name="User.KION">
<ClassType>persistent</ClassType>
<ProcedureBlock>1</ProcedureBlock>
<StorageStrategy>KionStorage</StorageStrategy>
<Super>%Persistent</Super>
<TimeChanged>63131,43170.738703</TimeChanged>
<TimeCreated>63124,60352</TimeCreated>

<Index name="KionIndex">
<IdKey>1</IdKey>
<Properties>Area,Kdate</Properties>
<Unique>1</Unique>
</Index>

<Property name="Afternoon">
<Type>%Integer</Type>
<SqlFieldName>昼の気温</SqlFieldName>
</Property>

<Property name="Night">
<Type>%Integer</Type>
<SqlFieldName>夜の気温</SqlFieldName>
</Property>

<Property name="Kdate">
<Type>%Date</Type>
<SqlFieldName>日付</SqlFieldName>
</Property>

<Property name="Morning">
<Type>%Integer</Type>
<SqlFieldName>朝の気温</SqlFieldName>
</Property>

<Property name="Area">
<Type>%String</Type>
<SqlFieldName>地域</SqlFieldName>
<Parameter name="TRUNCATE" value="1"/>
</Property>

<Storage name="Default">
<Type>%Library.CacheStorage</Type>
<DataLocation>^User.KIOND</DataLocation>
<DefaultData>KIONDefaultData</DefaultData>
<IdLocation>^User.KIOND</IdLocation>
<IndexLocation>^User.KIONI</IndexLocation>
<StreamLocation>^User.KIONS</StreamLocation>
<Data name="KIONDefaultData">
<Value name="1">
<Value>%%CLASSNAME</Value>
</Value>
<Value name="2">
<Value>Afternoon</Value>
</Value>
<Value name="3">
<Value>Area</Value>
</Value>
<Value name="4">
<Value>Kdate</Value>
</Value>
<Value name="5">
<Value>Morning</Value>
</Value>
<Value name="6">
<Value>Night</Value>
</Value>
</Data>
</Storage>

<Storage name="KionStorage">
<Type>%CacheSQLStorage</Type>
<StreamLocation>^User.KIONS</StreamLocation>
<ExtentSize>100000</ExtentSize>
<SQLMap name="KionMap">
<Type>data</Type>
<Global>^KION</Global>
<Structure>delimited</Structure>
<Subscript name="1">
<Expression>{地域}</Expression>
</Subscript>
<Subscript name="2">
<Expression>{日付}</Expression>
</Subscript>
<RowIdSpec name="1">
<Expression>{L1}</Expression>
<Field>地域</Field>
</RowIdSpec>
<RowIdSpec name="2">
<Expression>{L2}</Expression>
<Field>日付</Field>
</RowIdSpec>
<Data name="夜の気温">
<Delimiter>"^"</Delimiter>
<Piece>3</Piece>
</Data>
<Data name="昼の気温">
<Delimiter>"^"</Delimiter>
<Piece>2</Piece>
</Data>
<Data name="朝の気温">
<Delimiter>"^"</Delimiter>
<Piece>1</Piece>
</Data>
</SQLMap>
</Storage>
</Class>


<Class name="User.KIONRS">
<IncludeCode>%occErrors</IncludeCode>
<Super>%SQL.CustomResultSet</Super>
<TimeChanged>63131,45217.23553</TimeChanged>
<TimeCreated>63124,65304.78117</TimeCreated>

<Property name="ID">
<Type>%Integer</Type>
</Property>

<Property name="Area">
<Type>%String</Type>
</Property>

<Property name="Date">
<Type>%Date</Type>
</Property>

<Property name="Morning">
<Type>%Integer</Type>
</Property>

<Property name="Afternoon">
<Type>%Integer</Type>
</Property>

<Property name="Night">
<Type>%Integer</Type>
</Property>

<Property name="Zdate">
<Type>%Date</Type>
<Private>1</Private>
</Property>

<Method name="GetRS">
<ClassMethod>1</ClassMethod>
<FormalSpec>pArea:%String</FormalSpec>
<ReturnType>%Status</ReturnType>
<SqlProc>1</SqlProc>
<ReturnResultsets>1</ReturnResultsets>
<Implementation><![CDATA[
	#dim %sqlcontext as %Library.ProcedureContext
	try {
		if '$Isobject($Get(%sqlcontext)) { set %sqlcontext = ##class(%Library.ProcedureContext).%New() }
			#; The first argument passed to %New() is the SELECTMODE. It defaults to the current setting for
			#; the process ($system.SQL.GetSelectMode()).
		set tResult = ..%New(,pArea)
		do %sqlcontext.AddResultSet(tResult)
	}
	catch tException {
		if '$Isobject($Get(%sqlcontext)) { set %sqlcontext = ##class(%Library.ProcedureContext).%New() }
		if tException.%IsA("%Exception.SQL") { set ..%SQLCODE = tException.Code, ..%Message = tException.Data }
		elseif tException.%IsA("%Exception.StatusException") { if (tException.Code = $$$SQLError) || (tException.Code = $$$SQLCode) { set ..%SQLCODE = $Listget(tException.Data,1), ..%Message = $Listget(tException.Data,2) } }
		else { set %sqlcontext.%SQLCODE = -400, %sqlcontext.%Message = "User.KIONResultSetのプロシジャ実行中に例外発生: " _ tException.Name_":"_tException.Data }
	}
	quit $$$OK
]]></Implementation>
</Method>

<Method name="%OpenCursor">
<FormalSpec>pArea:%String</FormalSpec>
<ReturnType>%Library.Status</ReturnType>
<Implementation><![CDATA[
	if '$data(^KION(pArea)) {
		// 該当結果セットがない
		set ..%SQLCode = 100
		quit 0
	}
	Set ..Area = pArea
	Set ..Zdate = 0
	Set ..ID = 0
	quit $$$OK
]]></Implementation>
</Method>

<Method name="%Next">
<FormalSpec><![CDATA[&sc:%Library.Status]]></FormalSpec>
<PlaceAfter>%Execute</PlaceAfter>
<ReturnType>%Library.Integer</ReturnType>
<Implementation><![CDATA[
	Set Area = ..Area
	Set Date = ..Zdate
	Set Date = $Order(^KION(Area, Date))
	If Date = "" Quit 0
	Set ..Zdate = Date 
	Set row = $get(^KION(Area,Date))
	Set tSelectMode = ..getSelectMode()
	If tSelectMode = 1 Set Date = ##class(%Date).LogicalToOdbc(Date)
	If tSelectMode = 2 Set Date = ##class(%Date).LogicalToDisplay(Date)	
	Set ..Date = Date
	Set ..ID = ..ID + 1 
	Set ..Morning = $Piece(row,"^",1)
	Set ..Afternoon = $Piece(row,"^",2)
	Set ..Night = $Piece(row,"^",3)
	set ..%ROWCOUNT = ..%ROWCOUNT + 1
	set rowcount = ..%ROWCOUNT
	Quit $$$OK
]]></Implementation>
</Method>

<Method name="%CloseCursor">
<Description>
Clean up on destruct</Description>
<ReturnType>%Status</ReturnType>
<Implementation><![CDATA[	Quit $$$OK
]]></Implementation>
</Method>
</Class>


<Class name="User.KIONUtil">
<Super>%Base</Super>
<TimeChanged>63133,50135.98359</TimeChanged>
<TimeCreated>63124,62783.729804</TimeCreated>

<Method name="KIONClose">
<ClassMethod>1</ClassMethod>
<FormalSpec>QHandle:%Binary</FormalSpec>
<ReturnType>%Status</ReturnType>
<ServerOnly>0</ServerOnly>
<Implementation><![CDATA[
	Set QHandle=""
	Quit $$$OK
]]></Implementation>
</Method>

<Method name="KIONExecute">
<ClassMethod>1</ClassMethod>
<FormalSpec><![CDATA[&QHandle:%Binary,Area:%String]]></FormalSpec>
<ReturnType>%Status</ReturnType>
<ServerOnly>0</ServerOnly>
<Implementation><![CDATA[
	Set QHandle=$LB("",Area)
	Quit $$$OK
]]></Implementation>
</Method>

<Method name="KIONFetch">
<ClassMethod>1</ClassMethod>
<FormalSpec><![CDATA[&QHandle:%Binary,&Row:%List,&AtEnd:%Integer=0]]></FormalSpec>
<ReturnType>%Status</ReturnType>
<ServerOnly>0</ServerOnly>
<Implementation><![CDATA[
	Set Row=""
	; pull data out of QHandle
	Set Date=$List(QHandle,1)
	Set Area=$List(QHandle,2)
	; $Order to next node
	Set Date=$O(^KION(Area,Date))
	; update QHandle for next fetch
	Set QHandle=$LB(Date,Area)
	; test for end
	If Date="" Set AtEnd=1 Quit $$$OK
	; fill in Row with data for this row
	Set row = $Get(^KION(Area,Date))
	Set Morning = $Piece(row,"^",1)
	Set Afternoon = $Piece(row,"^",2)
	Set Night = $Piece(row,"^",3)
	Set tSelectMode = $system.SQL.GetSelectMode()
	If tSelectMode = 1 Set Date = ##class(%Date).LogicalToOdbc(Date)
	If tSelectMode = 2 Set Date = ##class(%Date).LogicalToDisplay(Date)
	Set Row = $ListBuild(Area,Date,Morning,Afternoon,Night)
	Quit $$$OK
]]></Implementation>
</Method>

<Query name="KION">
<Type>%Query</Type>
<FormalSpec>Area:%String</FormalSpec>
<SqlName>KQ</SqlName>
<SqlProc>1</SqlProc>
<Parameter name="CONTAINID" value="1"/>
<Parameter name="ROWSPEC" value="Area:%String, Kdate:%Date, Morning:%Integer, Afternoon:%Integer, Night:%Integer"/>
</Query>

<Method name="Populate">
<ClassMethod>1</ClassMethod>
<FormalSpec>pNumber:%Integer=100</FormalSpec>
<ReturnType>%Status</ReturnType>
<Implementation><![CDATA[
	Kill ^KION
	Set tArealist = $ListBuild("東京","札幌","仙台","神戸","京都","大阪","金沢","秋田","岩手","福島","津","福岡","高松","島根","長野")
	Set tArealength = $ListLength(tArealist)
	Set tFirstday = +$Horolog - 1000
	Set tDaylength = 1000
	For i = 1:1:pNumber {
		Set tArea = $List(tArealist,$Random(tArealength)+1)
		Set tDay = tFirstday + $Random(tDaylength) + 1
		Set tMorning = 10 + $Random(10) + 1
		Set tAfternoon = 15 + $Random(10) + 1
		Set tNight = 8 + $Random(10) + 1
		Set ^KION(tArea,tDay) = tMorning_"^"_tAfternoon_"^"_tNight
	}
]]></Implementation>
</Method>
</Class>
</Export>
