<?xml version="1.0" encoding="UTF-8"?>
<Export generator="Cache" version="25" zv="Cache for Windows (x86-64) 2017.2 (Build 741U)" ts="2018-08-31 12:55:07">
<Class name="Sample.test">
<ClassType>persistent</ClassType>
<ProcedureBlock>1</ProcedureBlock>
<Super>%Persistent,%Populate</Super>
<TimeChanged>64891,45385.156117</TimeChanged>
<TimeCreated>64891,45107</TimeCreated>
<Inheritance>right</Inheritance>

<Property name="p1">
<Type>%String</Type>
<Parameter name="TRUNCATE" value="1"/>
</Property>

<Property name="p2">
<Type>%String</Type>
<Parameter name="TRUNCATE" value="1"/>
</Property>

<Storage name="Default">
<Type>%Library.CacheStorage</Type>
<DataLocation>^Sample.testD</DataLocation>
<DefaultData>testDefaultData</DefaultData>
<IdLocation>^Sample.testD</IdLocation>
<IndexLocation>^Sample.testI</IndexLocation>
<StreamLocation>^Sample.testS</StreamLocation>
<ExtentSize>10</ExtentSize>
<Data name="testDefaultData">
<Structure>listnode</Structure>
<Subscript/>
<Value name="1">
<Value>%%CLASSNAME</Value>
</Value>
<Value name="2">
<Value>p1</Value>
</Value>
<Value name="3">
<Value>p2</Value>
</Value>
</Data>
<Property name="%%CLASSNAME">
<Selectivity>100.0000%</Selectivity>
<AverageFieldSize>1</AverageFieldSize>
</Property>
<Property name="%%ID">
<Selectivity>1</Selectivity>
<AverageFieldSize>1.1</AverageFieldSize>
</Property>
<Property name="p1">
<Selectivity>10.0000%</Selectivity>
<AverageFieldSize>5</AverageFieldSize>
</Property>
<Property name="p2">
<Selectivity>10.0000%</Selectivity>
<AverageFieldSize>4.8</AverageFieldSize>
</Property>
<SQLMap name="IDKEY">
<BlockCount>-4</BlockCount>
</SQLMap>
</Storage>
</Class>


<Routine name="extent" type="MAC" languagemode="0" timestamp="64891,46430.370318"><![CDATA[
extent
  Set statement = ##class(%SQL.Statement).%New()
  Do statement.%PrepareClassQuery("Sample.test","Extent")
  set result = statement.%Execute()
  write "ID",?10,"p1",?20,"p2",!
  WHILE result.%Next() {
    set id = result.%GetData(1)
    set test = ##class(Sample.test).%OpenId(id)
    write id,?10,test.p1,?20,test.p2,!
  }

 quit
]]></Routine>
</Export>
