<?xml version="1.0" encoding="UTF-8"?>
<Export generator="IRIS" version="26" zv="IRIS for Windows (x86-64) 2020.1 (Build 199U)" ts="2020-08-31 16:50:32">
<Class name="REST.SessionTest">
<Super>%CSP.REST</Super>
<TimeChanged>65622,55788.867376</TimeChanged>
<TimeCreated>65622,55776.500908</TimeCreated>

<Parameter name="UseSession">
<Type>Integer</Type>
<Default>1</Default>
</Parameter>

<XData name="UrlMap">
<Data><![CDATA[
<Routes>
<Route Url="/test/" Method="GET" Call="test"/>
</Routes>
]]></Data>
</XData>

<Method name="test">
<ClassMethod>1</ClassMethod>
<ReturnType>%Status</ReturnType>
<Implementation><![CDATA[
	write "{""SessionId"":"""_%session.SessionId_"""}"
	quit $$$OK
]]></Implementation>
</Method>
</Class>


<Class name="REST.test">
<Super>%CSP.Page</Super>
<TimeChanged>65622,60612.151162</TimeChanged>
<TimeCreated>63973,53724.061572</TimeCreated>

<Method name="OnPage">
<ClassMethod>1</ClassMethod>
<ReturnType>%Status</ReturnType>
<Implementation><![CDATA[
	
	
	&html<
	
	<html>
<head>
  <meta http-equiv="Content-Type" content="text/html;charset=utf-8" />
</head>
<body>
  <form name="xxx" method="post" action="">
   <input type="button" name="test" onclick="go();" value="push" /></p>
  </form>
  Session ID: #(%session.SessionId)#<br>

<script type="text/javascript" src="http://code.jquery.com/jquery-2.2.4.js"></script>
<script type="text/javascript">
function go() {
   var buf= {"ID1":0,"ID2":1,"ID3":2,"ID4":3};
   $.ajax({
     type:'GET',
     dataType:'json',
     url:'/csp/user/rest/test/',
     data: {"ID1":0,"ID2":1,"ID3":2,"ID4":3},
     success:function(data) {
       ans = '';
       for(var i in data) {
           ans = ans + '\n' + JSON.stringify(data[i]);
       }
       alert(ans);
     }
   });
  return;
}
</script>
</body>
</html>

	
	
	>
	Quit $$$OK
]]></Implementation>
</Method>
</Class>
</Export>
