<?xml version="1.0" encoding="UTF-8"?>
<Export generator="Cache" version="25" zv="Cache for Windows (x86-64) 2016.2.3 (Build 903_6U)" ts="2019-04-05 09:21:53">
<Class name="SQL.Utils">
<Super>%Persistent</Super>
<TimeChanged>65108,33527</TimeChanged>
<TimeCreated>63249,61459.717077</TimeCreated>

<Method name="CSVExport">
<ClassMethod>1</ClassMethod>
<FormalSpec>filepath:%String,classname:%String,Delimiter:%String=";"</FormalSpec>
<ReturnType>%Status</ReturnType>
<Implementation><![CDATA[
 	set total=0
	set mgr = ##class(%SQL.Export.Mgr).%New()
	Set mobj = ##class(%SQL.Manager.API).%New()
	s cl=##class(%Dictionary.CompiledClass).%OpenId(classname)
	if ('$ISOBJECT(cl)){
		w classname_" is not a valid class",!
		quit
	}
	Set SchemaName = cl.SqlSchemaName
	Set TableName = cl.SqlTableName
	Set mgr.FileName = filepath
	Set mgr.TableName = SchemaName_"."_TableName
	Set mgr.ClassName = classname
	set mgr.HasHeaders=1
	
	Set mgr.Delimiter = Delimiter
	Set mgr.StringQuote = """"
	Set mgr.DateFormat = 1 // MM/DD/{YY}YY
	Set mgr.TimeFormat = 1 // hh:mm:ss
	// Set mgr.TimeStampFormat = 1 // ODBC format (Import only)
	Set mgr.NoCheck = 1 // disable validation (Import only)
	set mgr.Terminator=$C(10)
	
	set result = ##class(%ResultSet).%New("%SQL.Manager.Catalog:Fields")
	set sc= result.Execute(SchemaName,TableName)
	If $$$ISERR(sc) 
	{
		quit sc
	} 
	
	While result.Next(.sc) 
	{
	  	set colname=result.Data("FIELD_NAME")
	  	set datatype =result.Data("DATATYPE")
	  	Set ok = mobj.CheckIdentifier(.colname)
	  	if ((colname["ID") || (colname ="x__classname")||($E(datatype,1)'="%"))
	  	{}
	  	else
	  	{
		  	w colname_" || "_datatype,!
		  	do mgr.ColumnNames.Insert(""""_colname_"""")
		  	do mgr.ColumnTypes.Insert(..ConvertDataType(datatype))
	  	}

	}
	Set result = mgr.GenerateExportRoutine()
	If result '= 1 Quit result
	Set sta = mgr.OpenExport()
	If $$$ISERR(sta) 
	{
		d $SYSTEM.OBJ.DisplayError(sta)
		quit sta
	} 
	Else 
	{
	  Set sta = mgr.GetExportSize(.size)
	  If size = 0 
	  {
		  quit $$$ERROR("No Data exported")
	  } 
	  Else 
	  {	
	    Set tSC = $$$OK
	    set rs = ##class(%ResultSet).%New()
	    set query ="Select Count(*) As allrows from "_mgr.TableName
	    do rs.Prepare(query)
	    do rs.Execute()
	    do rs.Next()
	    set rows = rs.Data("allrows")
	    
		Set tSC = mgr.ExportRows(rows,.done)

		if $$$ISERR(tSC) quit tSC
	  }
	  Do mgr.CloseExport()
	  Do mgr.DeleteExportRoutine()
	  Quit $$$OK
	  
	}
]]></Implementation>
</Method>

<Method name="CSVImport">
<ClassMethod>1</ClassMethod>
<FormalSpec>filepath:%String,classname:%String,Delimiter:%String=";"</FormalSpec>
<ReturnType>%Status</ReturnType>
<Implementation><![CDATA[
		
	k rows,mgr,mobj
	set rows = ##class(SQL.Utils).CountRows(filepath)
 	set total=0
	set mgr = ##class(%SQL.Import.Mgr).%New()
	Set mobj = ##class(%SQL.Manager.API).%New()
	s cl=##class(%Dictionary.CompiledClass).%OpenId(classname)
		if ('$ISOBJECT(cl)){
		w classname_" is not a valid class",!
		quit
	}
	Set SchemaName = cl.SqlSchemaName
	Set TableName = cl.SqlTableName
	
	Set mgr.FileName = filepath	
	
	Set mgr.TableName = cl.SqlSchemaName_"."_cl.SqlTableName
	Set mgr.ClassName =classname
	
	Set mgr.Delimiter = Delimiter
	Set mgr.StringQuote = """"
	Set mgr.DateFormat = 1
	Set mgr.TimeFormat = 1
	// Set mgr.TimeStampFormat = 1
	Set mgr.NoCheck = 1
	Set mgr.HasHeaders = 1 // import file contains column headers
	set mgr.Terminator=$C(10)

	set result = ##class(%ResultSet).%New("%SQL.Manager.Catalog:Fields")
	set sc= result.Execute(SchemaName,TableName)
	If $$$ISERR(sc) 
	{	
		d $SYSTEM.OBJ.DisplayError(sc)
		quit sc
	} 
	
	While result.Next(.sc) 
	{
		set colname=result.Data("FIELD_NAME")
	  	set datatype =result.Data("DATATYPE")
	  	
	  	if ((colname["ID") || (colname ="x__classname")||($E(datatype,1)'="%"))
	  	{
		  
		  	}
	  	else
	  	{
		    w "adding "_colname,!
		  	do mgr.ColumnNames.Insert(""""_colname_"""")
		  	do mgr.ColumnTypes.Insert(..ConvertDataType(datatype))
		  	
	  	}
	}

	
	Set mgr.DeferIndices = 1
	set mgr.NoCheck=1
	Quit mgr.Import()
]]></Implementation>
</Method>

<Method name="CountRows">
<ClassMethod>1</ClassMethod>
<FormalSpec>filepath</FormalSpec>
<ReturnType>%Integer</ReturnType>
<Implementation><![CDATA[
	set rows=0
	
 	Set stream=##class(%FileCharacterStream).%New() 
 	Set stream.Filename=filepath
 	do stream.LineTerminatorSet($C(10))
 	While 'stream.AtEnd 
 	{
 		Set line=stream.Read(1)
 		
		If line[stream.LineTerminator {set rows = $I(rows)}
 	}
 	kill stream
 	//w "found lines: ",rows,!
	quit rows
]]></Implementation>
</Method>

<Method name="ConvertDataType">
<ClassMethod>1</ClassMethod>
<FormalSpec>datatype:%String</FormalSpec>
<ReturnType>%String</ReturnType>
<Implementation><![CDATA[
	QUIT:datatype="%Library.Date" "D"
	QUIT:datatype="%Library.Time" "T"
	QUIT:datatype="%Library.TimeStamp" "TS"
	if datatype = "%Library.Integer" || (datatype = "%Library.Boolean") || (datatype = "%Library.Float") || (datatype = "%Library.Numeric") || (datatype = "%Library.SmallInt") || (datatype = "%Library.TinyInt") || (datatype = "%Library.Currency") QUIT "N"
 	QUIT "S"
]]></Implementation>
</Method>

<Storage name="Default">
<Type>%Library.CacheStorage</Type>
<DataLocation>^SQL.UtilsD</DataLocation>
<DefaultData>UtilsDefaultData</DefaultData>
<IdLocation>^SQL.UtilsD</IdLocation>
<IndexLocation>^SQL.UtilsI</IndexLocation>
<StreamLocation>^SQL.UtilsS</StreamLocation>
<ExtentSize>100000</ExtentSize>
<Data name="UtilsDefaultData">
<Value name="1">
<Value>%%CLASSNAME</Value>
</Value>
</Data>
</Storage>
</Class>


<Class name="User.test">
<ClassType>persistent</ClassType>
<ProcedureBlock>1</ProcedureBlock>
<Super>%Persistent</Super>
<TimeChanged>63249,57595.680092</TimeChanged>
<TimeCreated>59995,51998.563598</TimeCreated>

<Property name="Name">
<Type>%String</Type>
<Parameter name="TRUNCATE" value="1"/>
</Property>

<Property name="Age">
<Type>%Integer</Type>
</Property>

<Index name="nameidx">
<Properties>Name</Properties>
<Unique>1</Unique>
</Index>

<Method name="make">
<ClassMethod>1</ClassMethod>
<Implementation><![CDATA[
	set x=##class(User.test).%New()
	set x.Name="山田,太郎",x.Age=29
	d x.%Save() k
	
	set x=##class(User.test).%New()
	set x.Name="山田,花子",x.Age=25
	d x.%Save() k
]]></Implementation>
</Method>

<Storage name="Default">
<Type>%Library.CacheStorage</Type>
<DataLocation>^User.testD</DataLocation>
<DefaultData>testDefaultData</DefaultData>
<IdLocation>^User.testD</IdLocation>
<IndexLocation>^User.testI</IndexLocation>
<StreamLocation>^User.testS</StreamLocation>
<ExtentSize>100000</ExtentSize>
<Data name="testDefaultData">
<Value name="1">
<Value>%%CLASSNAME</Value>
</Value>
<Value name="2">
<Value>Age</Value>
</Value>
<Value name="3">
<Value>Name</Value>
</Value>
</Data>
</Storage>
</Class>
</Export>
